[2026-06-22 14:41:53] local.ERROR: Please provide a valid cache path. {"userId":1,"exception":"[object] (InvalidArgumentException(code: 0): Please provide a valid cache path. at D:/PROJECT RADIT/Toko_online-Laravel/vendor/laravel/framework/src/Illuminate/View/Compilers/Compiler.php:67)
[stacktrace]
#0 D:/PROJECT RADIT/Toko_online-Laravel/vendor/laravel/framework/src/Illuminate/View/ViewServiceProvider.php(97): Illuminate/View/Compilers/Compiler->__construct(Object(Illuminate/Filesystem/Filesystem), false, '', true, 'php')
#1 D:/PROJECT RADIT/Toko_online-Laravel/vendor/laravel/framework/src/Illuminate/Container/Container.php(908): Illuminate/View/ViewServiceProvider->{closure:Illuminate/View/ViewServiceProvider::registerBladeCompiler():96}(Object(Illuminate/Foundation/Application), Array)
#2 D:/PROJECT RADIT/Toko_online-Laravel/vendor/laravel/framework/src/Illuminate/Container/Container.php(795): Illuminate/Container/Container->build(Object(Closure))
#3 D:/PROJECT RADIT/Toko_online-Laravel/vendor/laravel/framework/src/Illuminate/Foundation/Application.php(986): Illuminate/Container/Container->resolve('blade.compiler', Array, true)
#4 D:/PROJECT RADIT/Toko_online-Laravel/vendor/laravel/framework/src/Illuminate/Container/Container.php(731): Illuminate/Foundation/Application->resolve('blade.compiler', Array)
#5 D:/PROJECT RADIT/Toko_online-Laravel/vendor/laravel/framework/src/Illuminate/Foundation/Application.php(971): Illuminate/Container/Container->make('blade.compiler', Array)
#6 D:/PROJECT RADIT/Toko_online-Laravel/vendor/laravel/framework/src/Illuminate/View/ViewServiceProvider.php(168): Illuminate/Foundation/Application->make('blade.compiler')
#7 [internal function]: Illuminate/View/ViewServiceProvider->{closure:Illuminate/View/ViewServiceProvider::registerBladeEngine():164}()
#8 D:/PROJECT RADIT/Toko_online-Laravel/vendor/laravel/framework/src/Illuminate/View/Engines/EngineResolver.php(55): call_user_func(Object(Closure))
#9 D:/PROJECT RADIT/Toko_online-Laravel/vendor/laravel/framework/src/Illuminate/View/Factory.php(310): Illuminate/View/Engines/EngineResolver->resolve('blade')
#10 D:/PROJECT RADIT/Toko_online-Laravel/vendor/laravel/framework/src/Illuminate/View/Factory.php(274): Illuminate/View/Factory->getEngineFromPath('D://PROJECT RADI...')
#11 D:/PROJECT RADIT/Toko_online-Laravel/vendor/laravel/framework/src/Illuminate/View/Factory.php(146): Illuminate/View/Factory->viewInstance('backend.v_user....', 'D://PROJECT RADI...', Array)
#12 D:/PROJECT RADIT/Toko_online-Laravel/vendor/laravel/framework/src/Illuminate/Foundation/helpers.php(1020): Illuminate/View/Factory->make('backend.v_user....', Array, Array)
#13 D:/PROJECT RADIT/Toko_online-Laravel/app/Http/Controllers/UserController.php(162): view('backend.v_user....', Array)
#14 D:/PROJECT RADIT/Toko_online-Laravel/vendor/laravel/framework/src/Illuminate/Routing/Controller.php(54): App/Http/Controllers/UserController->formUser()
#15 D:/PROJECT RADIT/Toko_online-Laravel/vendor/laravel/framework/src/Illuminate/Routing/ControllerDispatcher.php(43): Illuminate/Routing/Controller->callAction('formUser', Array)
#16 D:/PROJECT RADIT/Toko_online-Laravel/vendor/laravel/framework/src/Illuminate/Routing/Route.php(259): Illuminate/Routing/ControllerDispatcher->dispatch(Object(Illuminate/Routing/Route), Object(App/Http/Controllers/UserController), 'formUser')
#17 D:/PROJECT RADIT/Toko_online-Laravel/vendor/laravel/framework/src/Illuminate/Routing/Route.php(205): Illuminate/Routing/Route->runController()
#18 D:/PROJECT RADIT/Toko_online-Laravel/vendor/laravel/framework/src/Illuminate/Routing/Router.php(806): Illuminate/Routing/Route->run()
#19 D:/PROJECT RADIT/Toko_online-Laravel/vendor/laravel/framework/src/Illuminate/Pipeline/Pipeline.php(144): Illuminate/Routing/Router->{closure:Illuminate/Routing/Router::runRouteWithinStack():805}(Object(Illuminate/Http/Request))
#20 D:/PROJECT RADIT/Toko_online-Laravel/vendor/laravel/framework/src/Illuminate/Routing/Middleware/SubstituteBindings.php(50): Illuminate/Pipeline/Pipeline->{closure:Illuminate/Pipeline/Pipeline::prepareDestination():142}(Object(Illuminate/Http/Request))
#21 D:/PROJECT RADIT/Toko_online-Laravel/vendor/laravel/framework/src/Illuminate/Pipeline/Pipeline.php(183): Illuminate/Routing/Middleware/SubstituteBindings->handle(Object(Illuminate/Http/Request), Object(Closure))
#22 D:/PROJECT RADIT/Toko_online-Laravel/vendor/laravel/framework/src/Illuminate/Auth/Middleware/Authenticate.php(57): Illuminate/Pipeline/Pipeline->{closure:{closure:Illuminate/Pipeline/Pipeline::carry():158}:159}(Object(Illuminate/Http/Request))
#23 D:/PROJECT RADIT/Toko_online-Laravel/vendor/laravel/framework/src/Illuminate/Pipeline/Pipeline.php(183): Illuminate/Auth/Middleware/Authenticate->handle(Object(Illuminate/Http/Request), Object(Closure))
#24 D:/PROJECT RADIT/Toko_online-Laravel/vendor/laravel/framework/src/Illuminate/Foundation/Http/Middleware/VerifyCsrfToken.php(78): Illuminate/Pipeline/Pipeline->{closure:{closure:Illuminate/Pipeline/Pipeline::carry():158}:159}(Object(Illuminate/Http/Request))
#25 D:/PROJECT RADIT/Toko_online-Laravel/vendor/laravel/framework/src/Illuminate/Pipeline/Pipeline.php(183): Illuminate/Foundation/Http/Middleware/VerifyCsrfToken->handle(Object(Illuminate/Http/Request), Object(Closure))
#26 D:/PROJECT RADIT/Toko_online-Laravel/vendor/laravel/framework/src/Illuminate/View/Middleware/ShareErrorsFromSession.php(49): Illuminate/Pipeline/Pipeline->{closure:{closure:Illuminate/Pipeline/Pipeline::carry():158}:159}(Object(Illuminate/Http/Request))
#27 D:/PROJECT RADIT/Toko_online-Laravel/vendor/laravel/framework/src/Illuminate/Pipeline/Pipeline.php(183): Illuminate/View/Middleware/ShareErrorsFromSession->handle(Object(Illuminate/Http/Request), Object(Closure))
#28 D:/PROJECT RADIT/Toko_online-Laravel/vendor/laravel/framework/src/Illuminate/Session/Middleware/StartSession.php(121): Illuminate/Pipeline/Pipeline->{closure:{closure:Illuminate/Pipeline/Pipeline::carry():158}:159}(Object(Illuminate/Http/Request))
#29 D:/PROJECT RADIT/Toko_online-Laravel/vendor/laravel/framework/src/Illuminate/Session/Middleware/StartSession.php(64): Illuminate/Session/Middleware/StartSession->handleStatefulRequest(Object(Illuminate/Http/Request), Object(Illuminate/Session/Store), Object(Closure))
#30 D:/PROJECT RADIT/Toko_online-Laravel/vendor/laravel/framework/src/Illuminate/Pipeline/Pipeline.php(183): Illuminate/Session/Middleware/StartSession->handle(Object(Illuminate/Http/Request), Object(Closure))
#31 D:/PROJECT RADIT/Toko_online-Laravel/vendor/laravel/framework/src/Illuminate/Cookie/Middleware/AddQueuedCookiesToResponse.php(37): Illuminate/Pipeline/Pipeline->{closure:{closure:Illuminate/Pipeline/Pipeline::carry():158}:159}(Object(Illuminate/Http/Request))
#32 D:/PROJECT RADIT/Toko_online-Laravel/vendor/laravel/framework/src/Illuminate/Pipeline/Pipeline.php(183): Illuminate/Cookie/Middleware/AddQueuedCookiesToResponse->handle(Object(Illuminate/Http/Request), Object(Closure))
#33 D:/PROJECT RADIT/Toko_online-Laravel/vendor/laravel/framework/src/Illuminate/Cookie/Middleware/EncryptCookies.php(67): Illuminate/Pipeline/Pipeline->{closure:{closure:Illuminate/Pipeline/Pipeline::carry():158}:159}(Object(Illuminate/Http/Request))
#34 D:/PROJECT RADIT/Toko_online-Laravel/vendor/laravel/framework/src/Illuminate/Pipeline/Pipeline.php(183): Illuminate/Cookie/Middleware/EncryptCookies->handle(Object(Illuminate/Http/Request), Object(Closure))
#35 D:/PROJECT RADIT/Toko_online-Laravel/vendor/laravel/framework/src/Illuminate/Pipeline/Pipeline.php(119): Illuminate/Pipeline/Pipeline->{closure:{closure:Illuminate/Pipeline/Pipeline::carry():158}:159}(Object(Illuminate/Http/Request))
#36 D:/PROJECT RADIT/Toko_online-Laravel/vendor/laravel/framework/src/Illuminate/Routing/Router.php(805): Illuminate/Pipeline/Pipeline->then(Object(Closure))
#37 D:/PROJECT RADIT/Toko_online-Laravel/vendor/laravel/framework/src/Illuminate/Routing/Router.php(784): Illuminate/Routing/Router->runRouteWithinStack(Object(Illuminate/Routing/Route), Object(Illuminate/Http/Request))
#38 D:/PROJECT RADIT/Toko_online-Laravel/vendor/laravel/framework/src/Illuminate/Routing/Router.php(748): Illuminate/Routing/Router->runRoute(Object(Illuminate/Http/Request), Object(Illuminate/Routing/Route))
#39 D:/PROJECT RADIT/Toko_online-Laravel/vendor/laravel/framework/src/Illuminate/Routing/Router.php(737): Illuminate/Routing/Router->dispatchToRoute(Object(Illuminate/Http/Request))
#40 D:/PROJECT RADIT/Toko_online-Laravel/vendor/laravel/framework/src/Illuminate/Foundation/Http/Kernel.php(200): Illuminate/Routing/Router->dispatch(Object(Illuminate/Http/Request))
#41 D:/PROJECT RADIT/Toko_online-Laravel/vendor/laravel/framework/src/Illuminate/Pipeline/Pipeline.php(144): Illuminate/Foundation/Http/Kernel->{closure:Illuminate/Foundation/Http/Kernel::dispatchToRouter():197}(Object(Illuminate/Http/Request))
#42 D:/PROJECT RADIT/Toko_online-Laravel/vendor/laravel/framework/src/Illuminate/Foundation/Http/Middleware/TransformsRequest.php(21): Illuminate/Pipeline/Pipeline->{closure:Illuminate/Pipeline/Pipeline::prepareDestination():142}(Object(Illuminate/Http/Request))
#43 D:/PROJECT RADIT/Toko_online-Laravel/vendor/laravel/framework/src/Illuminate/Foundation/Http/Middleware/ConvertEmptyStringsToNull.php(31): Illuminate/Foundation/Http/Middleware/TransformsRequest->handle(Object(Illuminate/Http/Request), Object(Closure))
#44 D:/PROJECT RADIT/Toko_online-Laravel/vendor/laravel/framework/src/Illuminate/Pipeline/Pipeline.php(183): Illuminate/Foundation/Http/Middleware/ConvertEmptyStringsToNull->handle(Object(Illuminate/Http/Request), Object(Closure))
#45 D:/PROJECT RADIT/Toko_online-Laravel/vendor/laravel/framework/src/Illuminate/Foundation/Http/Middleware/TransformsRequest.php(21): Illuminate/Pipeline/Pipeline->{closure:{closure:Illuminate/Pipeline/Pipeline::carry():158}:159}(Object(Illuminate/Http/Request))
#46 D:/PROJECT RADIT/Toko_online-Laravel/vendor/laravel/framework/src/Illuminate/Foundation/Http/Middleware/TrimStrings.php(40): Illuminate/Foundation/Http/Middleware/TransformsRequest->handle(Object(Illuminate/Http/Request), Object(Closure))
#47 D:/PROJECT RADIT/Toko_online-Laravel/vendor/laravel/framework/src/Illuminate/Pipeline/Pipeline.php(183): Illuminate/Foundation/Http/Middleware/TrimStrings->handle(Object(Illuminate/Http/Request), Object(Closure))
#48 D:/PROJECT RADIT/Toko_online-Laravel/vendor/laravel/framework/src/Illuminate/Foundation/Http/Middleware/ValidatePostSize.php(27): Illuminate/Pipeline/Pipeline->{closure:{closure:Illuminate/Pipeline/Pipeline::carry():158}:159}(Object(Illuminate/Http/Request))
#49 D:/PROJECT RADIT/Toko_online-Laravel/vendor/laravel/framework/src/Illuminate/Pipeline/Pipeline.php(183): Illuminate/Foundation/Http/Middleware/ValidatePostSize->handle(Object(Illuminate/Http/Request), Object(Closure))
#50 D:/PROJECT RADIT/Toko_online-Laravel/vendor/laravel/framework/src/Illuminate/Foundation/Http/Middleware/PreventRequestsDuringMaintenance.php(99): Illuminate/Pipeline/Pipeline->{closure:{closure:Illuminate/Pipeline/Pipeline::carry():158}:159}(Object(Illuminate/Http/Request))
#51 D:/PROJECT RADIT/Toko_online-Laravel/vendor/laravel/framework/src/Illuminate/Pipeline/Pipeline.php(183): Illuminate/Foundation/Http/Middleware/PreventRequestsDuringMaintenance->handle(Object(Illuminate/Http/Request), Object(Closure))
#52 D:/PROJECT RADIT/Toko_online-Laravel/vendor/laravel/framework/src/Illuminate/Http/Middleware/HandleCors.php(49): Illuminate/Pipeline/Pipeline->{closure:{closure:Illuminate/Pipeline/Pipeline::carry():158}:159}(Object(Illuminate/Http/Request))
#53 D:/PROJECT RADIT/Toko_online-Laravel/vendor/laravel/framework/src/Illuminate/Pipeline/Pipeline.php(183): Illuminate/Http/Middleware/HandleCors->handle(Object(Illuminate/Http/Request), Object(Closure))
#54 D:/PROJECT RADIT/Toko_online-Laravel/vendor/laravel/framework/src/Illuminate/Http/Middleware/TrustProxies.php(39): Illuminate/Pipeline/Pipeline->{closure:{closure:Illuminate/Pipeline/Pipeline::carry():158}:159}(Object(Illuminate/Http/Request))
#55 D:/PROJECT RADIT/Toko_online-Laravel/vendor/laravel/framework/src/Illuminate/Pipeline/Pipeline.php(183): Illuminate/Http/Middleware/TrustProxies->handle(Object(Illuminate/Http/Request), Object(Closure))
#56 D:/PROJECT RADIT/Toko_online-Laravel/vendor/laravel/framework/src/Illuminate/Pipeline/Pipeline.php(119): Illuminate/Pipeline/Pipeline->{closure:{closure:Illuminate/Pipeline/Pipeline::carry():158}:159}(Object(Illuminate/Http/Request))
#57 D:/PROJECT RADIT/Toko_online-Laravel/vendor/laravel/framework/src/Illuminate/Foundation/Http/Kernel.php(175): Illuminate/Pipeline/Pipeline->then(Object(Closure))
#58 D:/PROJECT RADIT/Toko_online-Laravel/vendor/laravel/framework/src/Illuminate/Foundation/Http/Kernel.php(144): Illuminate/Foundation/Http/Kernel->sendRequestThroughRouter(Object(Illuminate/Http/Request))
#59 D:/PROJECT RADIT/Toko_online-Laravel/public/index.php(51): Illuminate/Foundation/Http/Kernel->handle(Object(Illuminate/Http/Request))
#60 D:/PROJECT RADIT/Toko_online-Laravel/vendor/laravel/framework/src/Illuminate/Foundation/resources/server.php(16): require_once('D://PROJECT RADI...')
#61 {main}
"} 
[2026-06-22 14:42:25] local.ERROR: Please provide a valid cache path. {"userId":1,"exception":"[object] (InvalidArgumentException(code: 0): Please provide a valid cache path. at D:/PROJECT RADIT/Toko_online-Laravel/vendor/laravel/framework/src/Illuminate/View/Compilers/Compiler.php:67)
[stacktrace]
#0 D:/PROJECT RADIT/Toko_online-Laravel/vendor/laravel/framework/src/Illuminate/View/ViewServiceProvider.php(97): Illuminate/View/Compilers/Compiler->__construct(Object(Illuminate/Filesystem/Filesystem), false, '', true, 'php')
#1 D:/PROJECT RADIT/Toko_online-Laravel/vendor/laravel/framework/src/Illuminate/Container/Container.php(908): Illuminate/View/ViewServiceProvider->{closure:Illuminate/View/ViewServiceProvider::registerBladeCompiler():96}(Object(Illuminate/Foundation/Application), Array)
#2 D:/PROJECT RADIT/Toko_online-Laravel/vendor/laravel/framework/src/Illuminate/Container/Container.php(795): Illuminate/Container/Container->build(Object(Closure))
#3 D:/PROJECT RADIT/Toko_online-Laravel/vendor/laravel/framework/src/Illuminate/Foundation/Application.php(986): Illuminate/Container/Container->resolve('blade.compiler', Array, true)
#4 D:/PROJECT RADIT/Toko_online-Laravel/vendor/laravel/framework/src/Illuminate/Container/Container.php(731): Illuminate/Foundation/Application->resolve('blade.compiler', Array)
#5 D:/PROJECT RADIT/Toko_online-Laravel/vendor/laravel/framework/src/Illuminate/Foundation/Application.php(971): Illuminate/Container/Container->make('blade.compiler', Array)
#6 D:/PROJECT RADIT/Toko_online-Laravel/vendor/laravel/framework/src/Illuminate/View/ViewServiceProvider.php(168): Illuminate/Foundation/Application->make('blade.compiler')
#7 [internal function]: Illuminate/View/ViewServiceProvider->{closure:Illuminate/View/ViewServiceProvider::registerBladeEngine():164}()
#8 D:/PROJECT RADIT/Toko_online-Laravel/vendor/laravel/framework/src/Illuminate/View/Engines/EngineResolver.php(55): call_user_func(Object(Closure))
#9 D:/PROJECT RADIT/Toko_online-Laravel/vendor/laravel/framework/src/Illuminate/View/Factory.php(310): Illuminate/View/Engines/EngineResolver->resolve('blade')
#10 D:/PROJECT RADIT/Toko_online-Laravel/vendor/laravel/framework/src/Illuminate/View/Factory.php(274): Illuminate/View/Factory->getEngineFromPath('D://PROJECT RADI...')
#11 D:/PROJECT RADIT/Toko_online-Laravel/vendor/laravel/framework/src/Illuminate/View/Factory.php(146): Illuminate/View/Factory->viewInstance('backend.v_user....', 'D://PROJECT RADI...', Array)
#12 D:/PROJECT RADIT/Toko_online-Laravel/vendor/laravel/framework/src/Illuminate/Foundation/helpers.php(1020): Illuminate/View/Factory->make('backend.v_user....', Array, Array)
#13 D:/PROJECT RADIT/Toko_online-Laravel/app/Http/Controllers/UserController.php(162): view('backend.v_user....', Array)
#14 D:/PROJECT RADIT/Toko_online-Laravel/vendor/laravel/framework/src/Illuminate/Routing/Controller.php(54): App/Http/Controllers/UserController->formUser()
#15 D:/PROJECT RADIT/Toko_online-Laravel/vendor/laravel/framework/src/Illuminate/Routing/ControllerDispatcher.php(43): Illuminate/Routing/Controller->callAction('formUser', Array)
#16 D:/PROJECT RADIT/Toko_online-Laravel/vendor/laravel/framework/src/Illuminate/Routing/Route.php(259): Illuminate/Routing/ControllerDispatcher->dispatch(Object(Illuminate/Routing/Route), Object(App/Http/Controllers/UserController), 'formUser')
#17 D:/PROJECT RADIT/Toko_online-Laravel/vendor/laravel/framework/src/Illuminate/Routing/Route.php(205): Illuminate/Routing/Route->runController()
#18 D:/PROJECT RADIT/Toko_online-Laravel/vendor/laravel/framework/src/Illuminate/Routing/Router.php(806): Illuminate/Routing/Route->run()
#19 D:/PROJECT RADIT/Toko_online-Laravel/vendor/laravel/framework/src/Illuminate/Pipeline/Pipeline.php(144): Illuminate/Routing/Router->{closure:Illuminate/Routing/Router::runRouteWithinStack():805}(Object(Illuminate/Http/Request))
#20 D:/PROJECT RADIT/Toko_online-Laravel/vendor/laravel/framework/src/Illuminate/Routing/Middleware/SubstituteBindings.php(50): Illuminate/Pipeline/Pipeline->{closure:Illuminate/Pipeline/Pipeline::prepareDestination():142}(Object(Illuminate/Http/Request))
#21 D:/PROJECT RADIT/Toko_online-Laravel/vendor/laravel/framework/src/Illuminate/Pipeline/Pipeline.php(183): Illuminate/Routing/Middleware/SubstituteBindings->handle(Object(Illuminate/Http/Request), Object(Closure))
#22 D:/PROJECT RADIT/Toko_online-Laravel/vendor/laravel/framework/src/Illuminate/Auth/Middleware/Authenticate.php(57): Illuminate/Pipeline/Pipeline->{closure:{closure:Illuminate/Pipeline/Pipeline::carry():158}:159}(Object(Illuminate/Http/Request))
#23 D:/PROJECT RADIT/Toko_online-Laravel/vendor/laravel/framework/src/Illuminate/Pipeline/Pipeline.php(183): Illuminate/Auth/Middleware/Authenticate->handle(Object(Illuminate/Http/Request), Object(Closure))
#24 D:/PROJECT RADIT/Toko_online-Laravel/vendor/laravel/framework/src/Illuminate/Foundation/Http/Middleware/VerifyCsrfToken.php(78): Illuminate/Pipeline/Pipeline->{closure:{closure:Illuminate/Pipeline/Pipeline::carry():158}:159}(Object(Illuminate/Http/Request))
#25 D:/PROJECT RADIT/Toko_online-Laravel/vendor/laravel/framework/src/Illuminate/Pipeline/Pipeline.php(183): Illuminate/Foundation/Http/Middleware/VerifyCsrfToken->handle(Object(Illuminate/Http/Request), Object(Closure))
#26 D:/PROJECT RADIT/Toko_online-Laravel/vendor/laravel/framework/src/Illuminate/View/Middleware/ShareErrorsFromSession.php(49): Illuminate/Pipeline/Pipeline->{closure:{closure:Illuminate/Pipeline/Pipeline::carry():158}:159}(Object(Illuminate/Http/Request))
#27 D:/PROJECT RADIT/Toko_online-Laravel/vendor/laravel/framework/src/Illuminate/Pipeline/Pipeline.php(183): Illuminate/View/Middleware/ShareErrorsFromSession->handle(Object(Illuminate/Http/Request), Object(Closure))
#28 D:/PROJECT RADIT/Toko_online-Laravel/vendor/laravel/framework/src/Illuminate/Session/Middleware/StartSession.php(121): Illuminate/Pipeline/Pipeline->{closure:{closure:Illuminate/Pipeline/Pipeline::carry():158}:159}(Object(Illuminate/Http/Request))
#29 D:/PROJECT RADIT/Toko_online-Laravel/vendor/laravel/framework/src/Illuminate/Session/Middleware/StartSession.php(64): Illuminate/Session/Middleware/StartSession->handleStatefulRequest(Object(Illuminate/Http/Request), Object(Illuminate/Session/Store), Object(Closure))
#30 D:/PROJECT RADIT/Toko_online-Laravel/vendor/laravel/framework/src/Illuminate/Pipeline/Pipeline.php(183): Illuminate/Session/Middleware/StartSession->handle(Object(Illuminate/Http/Request), Object(Closure))
#31 D:/PROJECT RADIT/Toko_online-Laravel/vendor/laravel/framework/src/Illuminate/Cookie/Middleware/AddQueuedCookiesToResponse.php(37): Illuminate/Pipeline/Pipeline->{closure:{closure:Illuminate/Pipeline/Pipeline::carry():158}:159}(Object(Illuminate/Http/Request))
#32 D:/PROJECT RADIT/Toko_online-Laravel/vendor/laravel/framework/src/Illuminate/Pipeline/Pipeline.php(183): Illuminate/Cookie/Middleware/AddQueuedCookiesToResponse->handle(Object(Illuminate/Http/Request), Object(Closure))
#33 D:/PROJECT RADIT/Toko_online-Laravel/vendor/laravel/framework/src/Illuminate/Cookie/Middleware/EncryptCookies.php(67): Illuminate/Pipeline/Pipeline->{closure:{closure:Illuminate/Pipeline/Pipeline::carry():158}:159}(Object(Illuminate/Http/Request))
#34 D:/PROJECT RADIT/Toko_online-Laravel/vendor/laravel/framework/src/Illuminate/Pipeline/Pipeline.php(183): Illuminate/Cookie/Middleware/EncryptCookies->handle(Object(Illuminate/Http/Request), Object(Closure))
#35 D:/PROJECT RADIT/Toko_online-Laravel/vendor/laravel/framework/src/Illuminate/Pipeline/Pipeline.php(119): Illuminate/Pipeline/Pipeline->{closure:{closure:Illuminate/Pipeline/Pipeline::carry():158}:159}(Object(Illuminate/Http/Request))
#36 D:/PROJECT RADIT/Toko_online-Laravel/vendor/laravel/framework/src/Illuminate/Routing/Router.php(805): Illuminate/Pipeline/Pipeline->then(Object(Closure))
#37 D:/PROJECT RADIT/Toko_online-Laravel/vendor/laravel/framework/src/Illuminate/Routing/Router.php(784): Illuminate/Routing/Router->runRouteWithinStack(Object(Illuminate/Routing/Route), Object(Illuminate/Http/Request))
#38 D:/PROJECT RADIT/Toko_online-Laravel/vendor/laravel/framework/src/Illuminate/Routing/Router.php(748): Illuminate/Routing/Router->runRoute(Object(Illuminate/Http/Request), Object(Illuminate/Routing/Route))
#39 D:/PROJECT RADIT/Toko_online-Laravel/vendor/laravel/framework/src/Illuminate/Routing/Router.php(737): Illuminate/Routing/Router->dispatchToRoute(Object(Illuminate/Http/Request))
#40 D:/PROJECT RADIT/Toko_online-Laravel/vendor/laravel/framework/src/Illuminate/Foundation/Http/Kernel.php(200): Illuminate/Routing/Router->dispatch(Object(Illuminate/Http/Request))
#41 D:/PROJECT RADIT/Toko_online-Laravel/vendor/laravel/framework/src/Illuminate/Pipeline/Pipeline.php(144): Illuminate/Foundation/Http/Kernel->{closure:Illuminate/Foundation/Http/Kernel::dispatchToRouter():197}(Object(Illuminate/Http/Request))
#42 D:/PROJECT RADIT/Toko_online-Laravel/vendor/laravel/framework/src/Illuminate/Foundation/Http/Middleware/TransformsRequest.php(21): Illuminate/Pipeline/Pipeline->{closure:Illuminate/Pipeline/Pipeline::prepareDestination():142}(Object(Illuminate/Http/Request))
#43 D:/PROJECT RADIT/Toko_online-Laravel/vendor/laravel/framework/src/Illuminate/Foundation/Http/Middleware/ConvertEmptyStringsToNull.php(31): Illuminate/Foundation/Http/Middleware/TransformsRequest->handle(Object(Illuminate/Http/Request), Object(Closure))
#44 D:/PROJECT RADIT/Toko_online-Laravel/vendor/laravel/framework/src/Illuminate/Pipeline/Pipeline.php(183): Illuminate/Foundation/Http/Middleware/ConvertEmptyStringsToNull->handle(Object(Illuminate/Http/Request), Object(Closure))
#45 D:/PROJECT RADIT/Toko_online-Laravel/vendor/laravel/framework/src/Illuminate/Foundation/Http/Middleware/TransformsRequest.php(21): Illuminate/Pipeline/Pipeline->{closure:{closure:Illuminate/Pipeline/Pipeline::carry():158}:159}(Object(Illuminate/Http/Request))
#46 D:/PROJECT RADIT/Toko_online-Laravel/vendor/laravel/framework/src/Illuminate/Foundation/Http/Middleware/TrimStrings.php(40): Illuminate/Foundation/Http/Middleware/TransformsRequest->handle(Object(Illuminate/Http/Request), Object(Closure))
#47 D:/PROJECT RADIT/Toko_online-Laravel/vendor/laravel/framework/src/Illuminate/Pipeline/Pipeline.php(183): Illuminate/Foundation/Http/Middleware/TrimStrings->handle(Object(Illuminate/Http/Request), Object(Closure))
#48 D:/PROJECT RADIT/Toko_online-Laravel/vendor/laravel/framework/src/Illuminate/Foundation/Http/Middleware/ValidatePostSize.php(27): Illuminate/Pipeline/Pipeline->{closure:{closure:Illuminate/Pipeline/Pipeline::carry():158}:159}(Object(Illuminate/Http/Request))
#49 D:/PROJECT RADIT/Toko_online-Laravel/vendor/laravel/framework/src/Illuminate/Pipeline/Pipeline.php(183): Illuminate/Foundation/Http/Middleware/ValidatePostSize->handle(Object(Illuminate/Http/Request), Object(Closure))
#50 D:/PROJECT RADIT/Toko_online-Laravel/vendor/laravel/framework/src/Illuminate/Foundation/Http/Middleware/PreventRequestsDuringMaintenance.php(99): Illuminate/Pipeline/Pipeline->{closure:{closure:Illuminate/Pipeline/Pipeline::carry():158}:159}(Object(Illuminate/Http/Request))
#51 D:/PROJECT RADIT/Toko_online-Laravel/vendor/laravel/framework/src/Illuminate/Pipeline/Pipeline.php(183): Illuminate/Foundation/Http/Middleware/PreventRequestsDuringMaintenance->handle(Object(Illuminate/Http/Request), Object(Closure))
#52 D:/PROJECT RADIT/Toko_online-Laravel/vendor/laravel/framework/src/Illuminate/Http/Middleware/HandleCors.php(49): Illuminate/Pipeline/Pipeline->{closure:{closure:Illuminate/Pipeline/Pipeline::carry():158}:159}(Object(Illuminate/Http/Request))
#53 D:/PROJECT RADIT/Toko_online-Laravel/vendor/laravel/framework/src/Illuminate/Pipeline/Pipeline.php(183): Illuminate/Http/Middleware/HandleCors->handle(Object(Illuminate/Http/Request), Object(Closure))
#54 D:/PROJECT RADIT/Toko_online-Laravel/vendor/laravel/framework/src/Illuminate/Http/Middleware/TrustProxies.php(39): Illuminate/Pipeline/Pipeline->{closure:{closure:Illuminate/Pipeline/Pipeline::carry():158}:159}(Object(Illuminate/Http/Request))
#55 D:/PROJECT RADIT/Toko_online-Laravel/vendor/laravel/framework/src/Illuminate/Pipeline/Pipeline.php(183): Illuminate/Http/Middleware/TrustProxies->handle(Object(Illuminate/Http/Request), Object(Closure))
#56 D:/PROJECT RADIT/Toko_online-Laravel/vendor/laravel/framework/src/Illuminate/Pipeline/Pipeline.php(119): Illuminate/Pipeline/Pipeline->{closure:{closure:Illuminate/Pipeline/Pipeline::carry():158}:159}(Object(Illuminate/Http/Request))
#57 D:/PROJECT RADIT/Toko_online-Laravel/vendor/laravel/framework/src/Illuminate/Foundation/Http/Kernel.php(175): Illuminate/Pipeline/Pipeline->then(Object(Closure))
#58 D:/PROJECT RADIT/Toko_online-Laravel/vendor/laravel/framework/src/Illuminate/Foundation/Http/Kernel.php(144): Illuminate/Foundation/Http/Kernel->sendRequestThroughRouter(Object(Illuminate/Http/Request))
#59 D:/PROJECT RADIT/Toko_online-Laravel/public/index.php(51): Illuminate/Foundation/Http/Kernel->handle(Object(Illuminate/Http/Request))
#60 D:/PROJECT RADIT/Toko_online-Laravel/vendor/laravel/framework/src/Illuminate/Foundation/resources/server.php(16): require_once('D://PROJECT RADI...')
#61 {main}
"} 
[2026-06-22 14:42:27] local.ERROR: Please provide a valid cache path. {"userId":1,"exception":"[object] (InvalidArgumentException(code: 0): Please provide a valid cache path. at D:/PROJECT RADIT/Toko_online-Laravel/vendor/laravel/framework/src/Illuminate/View/Compilers/Compiler.php:67)
[stacktrace]
#0 D:/PROJECT RADIT/Toko_online-Laravel/vendor/laravel/framework/src/Illuminate/View/ViewServiceProvider.php(97): Illuminate/View/Compilers/Compiler->__construct(Object(Illuminate/Filesystem/Filesystem), false, '', true, 'php')
#1 D:/PROJECT RADIT/Toko_online-Laravel/vendor/laravel/framework/src/Illuminate/Container/Container.php(908): Illuminate/View/ViewServiceProvider->{closure:Illuminate/View/ViewServiceProvider::registerBladeCompiler():96}(Object(Illuminate/Foundation/Application), Array)
#2 D:/PROJECT RADIT/Toko_online-Laravel/vendor/laravel/framework/src/Illuminate/Container/Container.php(795): Illuminate/Container/Container->build(Object(Closure))
#3 D:/PROJECT RADIT/Toko_online-Laravel/vendor/laravel/framework/src/Illuminate/Foundation/Application.php(986): Illuminate/Container/Container->resolve('blade.compiler', Array, true)
#4 D:/PROJECT RADIT/Toko_online-Laravel/vendor/laravel/framework/src/Illuminate/Container/Container.php(731): Illuminate/Foundation/Application->resolve('blade.compiler', Array)
#5 D:/PROJECT RADIT/Toko_online-Laravel/vendor/laravel/framework/src/Illuminate/Foundation/Application.php(971): Illuminate/Container/Container->make('blade.compiler', Array)
#6 D:/PROJECT RADIT/Toko_online-Laravel/vendor/laravel/framework/src/Illuminate/View/ViewServiceProvider.php(168): Illuminate/Foundation/Application->make('blade.compiler')
#7 [internal function]: Illuminate/View/ViewServiceProvider->{closure:Illuminate/View/ViewServiceProvider::registerBladeEngine():164}()
#8 D:/PROJECT RADIT/Toko_online-Laravel/vendor/laravel/framework/src/Illuminate/View/Engines/EngineResolver.php(55): call_user_func(Object(Closure))
#9 D:/PROJECT RADIT/Toko_online-Laravel/vendor/laravel/framework/src/Illuminate/View/Factory.php(310): Illuminate/View/Engines/EngineResolver->resolve('blade')
#10 D:/PROJECT RADIT/Toko_online-Laravel/vendor/laravel/framework/src/Illuminate/View/Factory.php(274): Illuminate/View/Factory->getEngineFromPath('D://PROJECT RADI...')
#11 D:/PROJECT RADIT/Toko_online-Laravel/vendor/laravel/framework/src/Illuminate/View/Factory.php(146): Illuminate/View/Factory->viewInstance('backend.v_user....', 'D://PROJECT RADI...', Array)
#12 D:/PROJECT RADIT/Toko_online-Laravel/vendor/laravel/framework/src/Illuminate/Foundation/helpers.php(1020): Illuminate/View/Factory->make('backend.v_user....', Array, Array)
#13 D:/PROJECT RADIT/Toko_online-Laravel/app/Http/Controllers/UserController.php(162): view('backend.v_user....', Array)
#14 D:/PROJECT RADIT/Toko_online-Laravel/vendor/laravel/framework/src/Illuminate/Routing/Controller.php(54): App/Http/Controllers/UserController->formUser()
#15 D:/PROJECT RADIT/Toko_online-Laravel/vendor/laravel/framework/src/Illuminate/Routing/ControllerDispatcher.php(43): Illuminate/Routing/Controller->callAction('formUser', Array)
#16 D:/PROJECT RADIT/Toko_online-Laravel/vendor/laravel/framework/src/Illuminate/Routing/Route.php(259): Illuminate/Routing/ControllerDispatcher->dispatch(Object(Illuminate/Routing/Route), Object(App/Http/Controllers/UserController), 'formUser')
#17 D:/PROJECT RADIT/Toko_online-Laravel/vendor/laravel/framework/src/Illuminate/Routing/Route.php(205): Illuminate/Routing/Route->runController()
#18 D:/PROJECT RADIT/Toko_online-Laravel/vendor/laravel/framework/src/Illuminate/Routing/Router.php(806): Illuminate/Routing/Route->run()
#19 D:/PROJECT RADIT/Toko_online-Laravel/vendor/laravel/framework/src/Illuminate/Pipeline/Pipeline.php(144): Illuminate/Routing/Router->{closure:Illuminate/Routing/Router::runRouteWithinStack():805}(Object(Illuminate/Http/Request))
#20 D:/PROJECT RADIT/Toko_online-Laravel/vendor/laravel/framework/src/Illuminate/Routing/Middleware/SubstituteBindings.php(50): Illuminate/Pipeline/Pipeline->{closure:Illuminate/Pipeline/Pipeline::prepareDestination():142}(Object(Illuminate/Http/Request))
#21 D:/PROJECT RADIT/Toko_online-Laravel/vendor/laravel/framework/src/Illuminate/Pipeline/Pipeline.php(183): Illuminate/Routing/Middleware/SubstituteBindings->handle(Object(Illuminate/Http/Request), Object(Closure))
#22 D:/PROJECT RADIT/Toko_online-Laravel/vendor/laravel/framework/src/Illuminate/Auth/Middleware/Authenticate.php(57): Illuminate/Pipeline/Pipeline->{closure:{closure:Illuminate/Pipeline/Pipeline::carry():158}:159}(Object(Illuminate/Http/Request))
#23 D:/PROJECT RADIT/Toko_online-Laravel/vendor/laravel/framework/src/Illuminate/Pipeline/Pipeline.php(183): Illuminate/Auth/Middleware/Authenticate->handle(Object(Illuminate/Http/Request), Object(Closure))
#24 D:/PROJECT RADIT/Toko_online-Laravel/vendor/laravel/framework/src/Illuminate/Foundation/Http/Middleware/VerifyCsrfToken.php(78): Illuminate/Pipeline/Pipeline->{closure:{closure:Illuminate/Pipeline/Pipeline::carry():158}:159}(Object(Illuminate/Http/Request))
#25 D:/PROJECT RADIT/Toko_online-Laravel/vendor/laravel/framework/src/Illuminate/Pipeline/Pipeline.php(183): Illuminate/Foundation/Http/Middleware/VerifyCsrfToken->handle(Object(Illuminate/Http/Request), Object(Closure))
#26 D:/PROJECT RADIT/Toko_online-Laravel/vendor/laravel/framework/src/Illuminate/View/Middleware/ShareErrorsFromSession.php(49): Illuminate/Pipeline/Pipeline->{closure:{closure:Illuminate/Pipeline/Pipeline::carry():158}:159}(Object(Illuminate/Http/Request))
#27 D:/PROJECT RADIT/Toko_online-Laravel/vendor/laravel/framework/src/Illuminate/Pipeline/Pipeline.php(183): Illuminate/View/Middleware/ShareErrorsFromSession->handle(Object(Illuminate/Http/Request), Object(Closure))
#28 D:/PROJECT RADIT/Toko_online-Laravel/vendor/laravel/framework/src/Illuminate/Session/Middleware/StartSession.php(121): Illuminate/Pipeline/Pipeline->{closure:{closure:Illuminate/Pipeline/Pipeline::carry():158}:159}(Object(Illuminate/Http/Request))
#29 D:/PROJECT RADIT/Toko_online-Laravel/vendor/laravel/framework/src/Illuminate/Session/Middleware/StartSession.php(64): Illuminate/Session/Middleware/StartSession->handleStatefulRequest(Object(Illuminate/Http/Request), Object(Illuminate/Session/Store), Object(Closure))
#30 D:/PROJECT RADIT/Toko_online-Laravel/vendor/laravel/framework/src/Illuminate/Pipeline/Pipeline.php(183): Illuminate/Session/Middleware/StartSession->handle(Object(Illuminate/Http/Request), Object(Closure))
#31 D:/PROJECT RADIT/Toko_online-Laravel/vendor/laravel/framework/src/Illuminate/Cookie/Middleware/AddQueuedCookiesToResponse.php(37): Illuminate/Pipeline/Pipeline->{closure:{closure:Illuminate/Pipeline/Pipeline::carry():158}:159}(Object(Illuminate/Http/Request))
#32 D:/PROJECT RADIT/Toko_online-Laravel/vendor/laravel/framework/src/Illuminate/Pipeline/Pipeline.php(183): Illuminate/Cookie/Middleware/AddQueuedCookiesToResponse->handle(Object(Illuminate/Http/Request), Object(Closure))
#33 D:/PROJECT RADIT/Toko_online-Laravel/vendor/laravel/framework/src/Illuminate/Cookie/Middleware/EncryptCookies.php(67): Illuminate/Pipeline/Pipeline->{closure:{closure:Illuminate/Pipeline/Pipeline::carry():158}:159}(Object(Illuminate/Http/Request))
#34 D:/PROJECT RADIT/Toko_online-Laravel/vendor/laravel/framework/src/Illuminate/Pipeline/Pipeline.php(183): Illuminate/Cookie/Middleware/EncryptCookies->handle(Object(Illuminate/Http/Request), Object(Closure))
#35 D:/PROJECT RADIT/Toko_online-Laravel/vendor/laravel/framework/src/Illuminate/Pipeline/Pipeline.php(119): Illuminate/Pipeline/Pipeline->{closure:{closure:Illuminate/Pipeline/Pipeline::carry():158}:159}(Object(Illuminate/Http/Request))
#36 D:/PROJECT RADIT/Toko_online-Laravel/vendor/laravel/framework/src/Illuminate/Routing/Router.php(805): Illuminate/Pipeline/Pipeline->then(Object(Closure))
#37 D:/PROJECT RADIT/Toko_online-Laravel/vendor/laravel/framework/src/Illuminate/Routing/Router.php(784): Illuminate/Routing/Router->runRouteWithinStack(Object(Illuminate/Routing/Route), Object(Illuminate/Http/Request))
#38 D:/PROJECT RADIT/Toko_online-Laravel/vendor/laravel/framework/src/Illuminate/Routing/Router.php(748): Illuminate/Routing/Router->runRoute(Object(Illuminate/Http/Request), Object(Illuminate/Routing/Route))
#39 D:/PROJECT RADIT/Toko_online-Laravel/vendor/laravel/framework/src/Illuminate/Routing/Router.php(737): Illuminate/Routing/Router->dispatchToRoute(Object(Illuminate/Http/Request))
#40 D:/PROJECT RADIT/Toko_online-Laravel/vendor/laravel/framework/src/Illuminate/Foundation/Http/Kernel.php(200): Illuminate/Routing/Router->dispatch(Object(Illuminate/Http/Request))
#41 D:/PROJECT RADIT/Toko_online-Laravel/vendor/laravel/framework/src/Illuminate/Pipeline/Pipeline.php(144): Illuminate/Foundation/Http/Kernel->{closure:Illuminate/Foundation/Http/Kernel::dispatchToRouter():197}(Object(Illuminate/Http/Request))
#42 D:/PROJECT RADIT/Toko_online-Laravel/vendor/laravel/framework/src/Illuminate/Foundation/Http/Middleware/TransformsRequest.php(21): Illuminate/Pipeline/Pipeline->{closure:Illuminate/Pipeline/Pipeline::prepareDestination():142}(Object(Illuminate/Http/Request))
#43 D:/PROJECT RADIT/Toko_online-Laravel/vendor/laravel/framework/src/Illuminate/Foundation/Http/Middleware/ConvertEmptyStringsToNull.php(31): Illuminate/Foundation/Http/Middleware/TransformsRequest->handle(Object(Illuminate/Http/Request), Object(Closure))
#44 D:/PROJECT RADIT/Toko_online-Laravel/vendor/laravel/framework/src/Illuminate/Pipeline/Pipeline.php(183): Illuminate/Foundation/Http/Middleware/ConvertEmptyStringsToNull->handle(Object(Illuminate/Http/Request), Object(Closure))
#45 D:/PROJECT RADIT/Toko_online-Laravel/vendor/laravel/framework/src/Illuminate/Foundation/Http/Middleware/TransformsRequest.php(21): Illuminate/Pipeline/Pipeline->{closure:{closure:Illuminate/Pipeline/Pipeline::carry():158}:159}(Object(Illuminate/Http/Request))
#46 D:/PROJECT RADIT/Toko_online-Laravel/vendor/laravel/framework/src/Illuminate/Foundation/Http/Middleware/TrimStrings.php(40): Illuminate/Foundation/Http/Middleware/TransformsRequest->handle(Object(Illuminate/Http/Request), Object(Closure))
#47 D:/PROJECT RADIT/Toko_online-Laravel/vendor/laravel/framework/src/Illuminate/Pipeline/Pipeline.php(183): Illuminate/Foundation/Http/Middleware/TrimStrings->handle(Object(Illuminate/Http/Request), Object(Closure))
#48 D:/PROJECT RADIT/Toko_online-Laravel/vendor/laravel/framework/src/Illuminate/Foundation/Http/Middleware/ValidatePostSize.php(27): Illuminate/Pipeline/Pipeline->{closure:{closure:Illuminate/Pipeline/Pipeline::carry():158}:159}(Object(Illuminate/Http/Request))
#49 D:/PROJECT RADIT/Toko_online-Laravel/vendor/laravel/framework/src/Illuminate/Pipeline/Pipeline.php(183): Illuminate/Foundation/Http/Middleware/ValidatePostSize->handle(Object(Illuminate/Http/Request), Object(Closure))
#50 D:/PROJECT RADIT/Toko_online-Laravel/vendor/laravel/framework/src/Illuminate/Foundation/Http/Middleware/PreventRequestsDuringMaintenance.php(99): Illuminate/Pipeline/Pipeline->{closure:{closure:Illuminate/Pipeline/Pipeline::carry():158}:159}(Object(Illuminate/Http/Request))
#51 D:/PROJECT RADIT/Toko_online-Laravel/vendor/laravel/framework/src/Illuminate/Pipeline/Pipeline.php(183): Illuminate/Foundation/Http/Middleware/PreventRequestsDuringMaintenance->handle(Object(Illuminate/Http/Request), Object(Closure))
#52 D:/PROJECT RADIT/Toko_online-Laravel/vendor/laravel/framework/src/Illuminate/Http/Middleware/HandleCors.php(49): Illuminate/Pipeline/Pipeline->{closure:{closure:Illuminate/Pipeline/Pipeline::carry():158}:159}(Object(Illuminate/Http/Request))
#53 D:/PROJECT RADIT/Toko_online-Laravel/vendor/laravel/framework/src/Illuminate/Pipeline/Pipeline.php(183): Illuminate/Http/Middleware/HandleCors->handle(Object(Illuminate/Http/Request), Object(Closure))
#54 D:/PROJECT RADIT/Toko_online-Laravel/vendor/laravel/framework/src/Illuminate/Http/Middleware/TrustProxies.php(39): Illuminate/Pipeline/Pipeline->{closure:{closure:Illuminate/Pipeline/Pipeline::carry():158}:159}(Object(Illuminate/Http/Request))
#55 D:/PROJECT RADIT/Toko_online-Laravel/vendor/laravel/framework/src/Illuminate/Pipeline/Pipeline.php(183): Illuminate/Http/Middleware/TrustProxies->handle(Object(Illuminate/Http/Request), Object(Closure))
#56 D:/PROJECT RADIT/Toko_online-Laravel/vendor/laravel/framework/src/Illuminate/Pipeline/Pipeline.php(119): Illuminate/Pipeline/Pipeline->{closure:{closure:Illuminate/Pipeline/Pipeline::carry():158}:159}(Object(Illuminate/Http/Request))
#57 D:/PROJECT RADIT/Toko_online-Laravel/vendor/laravel/framework/src/Illuminate/Foundation/Http/Kernel.php(175): Illuminate/Pipeline/Pipeline->then(Object(Closure))
#58 D:/PROJECT RADIT/Toko_online-Laravel/vendor/laravel/framework/src/Illuminate/Foundation/Http/Kernel.php(144): Illuminate/Foundation/Http/Kernel->sendRequestThroughRouter(Object(Illuminate/Http/Request))
#59 D:/PROJECT RADIT/Toko_online-Laravel/public/index.php(51): Illuminate/Foundation/Http/Kernel->handle(Object(Illuminate/Http/Request))
#60 D:/PROJECT RADIT/Toko_online-Laravel/vendor/laravel/framework/src/Illuminate/Foundation/resources/server.php(16): require_once('D://PROJECT RADI...')
#61 {main}
"} 
[2026-06-22 19:53:41] local.ERROR: Route [backend.login.proses] not defined. {"view":{"view":"D:\\PROJECT RADIT\\Toko_online-Laravel\\resources\\views\\backend\\v_login\\login.blade.php","data":{"errors":"<pre class=sf-dump id=sf-dump-536940275 data-indent-pad=\"  \"><span class=sf-dump-note>Illuminate\\Support\\ViewErrorBag</span> {<a class=sf-dump-ref>#1027</a><samp data-depth=1 class=sf-dump-expanded>
  #<span class=sf-dump-protected title=\"Protected property\">bags</span>: []
</samp>}
</pre><script>Sfdump(\"sf-dump-536940275\", {\"maxDepth\":3,\"maxStringLength\":160})</script>
","judul":"<pre class=sf-dump id=sf-dump-1996766474 data-indent-pad=\"  \">\"<span class=sf-dump-str title=\"5 characters\">Login</span>\"
</pre><script>Sfdump(\"sf-dump-1996766474\", {\"maxDepth\":3,\"maxStringLength\":160})</script>
"}},"exception":"[object] (Spatie\\LaravelIgnition\\Exceptions\\ViewException(code: 0): Route [backend.login.proses] not defined. at D:/PROJECT RADIT/Toko_online-Laravel/vendor/laravel/framework/src/Illuminate/Routing/UrlGenerator.php:477)
[stacktrace]
#0 D:/PROJECT RADIT/Toko_online-Laravel/vendor/laravel/framework/src/Illuminate/Foundation/helpers.php(811): Illuminate/Routing/UrlGenerator->route('backend.login.p...', Array, true)
#1 D:/PROJECT RADIT/Toko_online-Laravel/resources/views/backend/v_login/login.blade.php(48): route('backend.login.p...')
#2 D:/PROJECT RADIT/Toko_online-Laravel/vendor/laravel/framework/src/Illuminate/Filesystem/Filesystem.php(123): require('D://PROJECT RADI...')
#3 D:/PROJECT RADIT/Toko_online-Laravel/vendor/laravel/framework/src/Illuminate/Filesystem/Filesystem.php(124): Illuminate/Filesystem/Filesystem::{closure:Illuminate/Filesystem/Filesystem::getRequire():120}()
#4 D:/PROJECT RADIT/Toko_online-Laravel/vendor/laravel/framework/src/Illuminate/View/Engines/PhpEngine.php(58): Illuminate/Filesystem/Filesystem->getRequire('D://PROJECT RADI...', Array)
#5 D:/PROJECT RADIT/Toko_online-Laravel/vendor/laravel/framework/src/Illuminate/View/Engines/CompilerEngine.php(72): Illuminate/View/Engines/PhpEngine->evaluatePath('D://PROJECT RADI...', Array)
#6 D:/PROJECT RADIT/Toko_online-Laravel/vendor/laravel/framework/src/Illuminate/View/View.php(207): Illuminate/View/Engines/CompilerEngine->get('D://PROJECT RADI...', Array)
#7 D:/PROJECT RADIT/Toko_online-Laravel/vendor/laravel/framework/src/Illuminate/View/View.php(190): Illuminate/View/View->getContents()
#8 D:/PROJECT RADIT/Toko_online-Laravel/vendor/laravel/framework/src/Illuminate/View/View.php(159): Illuminate/View/View->renderContents()
#9 D:/PROJECT RADIT/Toko_online-Laravel/vendor/laravel/framework/src/Illuminate/Http/Response.php(69): Illuminate/View/View->render()
#10 D:/PROJECT RADIT/Toko_online-Laravel/vendor/laravel/framework/src/Illuminate/Http/Response.php(35): Illuminate/Http/Response->setContent(Object(Illuminate/View/View))
#11 D:/PROJECT RADIT/Toko_online-Laravel/vendor/laravel/framework/src/Illuminate/Routing/Router.php(918): Illuminate/Http/Response->__construct(Object(Illuminate/View/View), 200, Array)
#12 D:/PROJECT RADIT/Toko_online-Laravel/vendor/laravel/framework/src/Illuminate/Routing/Router.php(885): Illuminate/Routing/Router::toResponse(Object(Illuminate/Http/Request), Object(Illuminate/View/View))
#13 D:/PROJECT RADIT/Toko_online-Laravel/vendor/laravel/framework/src/Illuminate/Routing/Router.php(805): Illuminate/Routing/Router->prepareResponse(Object(Illuminate/Http/Request), Object(Illuminate/View/View))
#14 D:/PROJECT RADIT/Toko_online-Laravel/vendor/laravel/framework/src/Illuminate/Pipeline/Pipeline.php(144): Illuminate/Routing/Router->{closure:Illuminate/Routing/Router::runRouteWithinStack():805}(Object(Illuminate/Http/Request))
#15 D:/PROJECT RADIT/Toko_online-Laravel/vendor/laravel/framework/src/Illuminate/Routing/Middleware/SubstituteBindings.php(50): Illuminate/Pipeline/Pipeline->{closure:Illuminate/Pipeline/Pipeline::prepareDestination():142}(Object(Illuminate/Http/Request))
#16 D:/PROJECT RADIT/Toko_online-Laravel/vendor/laravel/framework/src/Illuminate/Pipeline/Pipeline.php(183): Illuminate/Routing/Middleware/SubstituteBindings->handle(Object(Illuminate/Http/Request), Object(Closure))
#17 D:/PROJECT RADIT/Toko_online-Laravel/vendor/laravel/framework/src/Illuminate/Foundation/Http/Middleware/VerifyCsrfToken.php(78): Illuminate/Pipeline/Pipeline->{closure:{closure:Illuminate/Pipeline/Pipeline::carry():158}:159}(Object(Illuminate/Http/Request))
#18 D:/PROJECT RADIT/Toko_online-Laravel/vendor/laravel/framework/src/Illuminate/Pipeline/Pipeline.php(183): Illuminate/Foundation/Http/Middleware/VerifyCsrfToken->handle(Object(Illuminate/Http/Request), Object(Closure))
#19 D:/PROJECT RADIT/Toko_online-Laravel/vendor/laravel/framework/src/Illuminate/View/Middleware/ShareErrorsFromSession.php(49): Illuminate/Pipeline/Pipeline->{closure:{closure:Illuminate/Pipeline/Pipeline::carry():158}:159}(Object(Illuminate/Http/Request))
#20 D:/PROJECT RADIT/Toko_online-Laravel/vendor/laravel/framework/src/Illuminate/Pipeline/Pipeline.php(183): Illuminate/View/Middleware/ShareErrorsFromSession->handle(Object(Illuminate/Http/Request), Object(Closure))
#21 D:/PROJECT RADIT/Toko_online-Laravel/vendor/laravel/framework/src/Illuminate/Session/Middleware/StartSession.php(121): Illuminate/Pipeline/Pipeline->{closure:{closure:Illuminate/Pipeline/Pipeline::carry():158}:159}(Object(Illuminate/Http/Request))
#22 D:/PROJECT RADIT/Toko_online-Laravel/vendor/laravel/framework/src/Illuminate/Session/Middleware/StartSession.php(64): Illuminate/Session/Middleware/StartSession->handleStatefulRequest(Object(Illuminate/Http/Request), Object(Illuminate/Session/Store), Object(Closure))
#23 D:/PROJECT RADIT/Toko_online-Laravel/vendor/laravel/framework/src/Illuminate/Pipeline/Pipeline.php(183): Illuminate/Session/Middleware/StartSession->handle(Object(Illuminate/Http/Request), Object(Closure))
#24 D:/PROJECT RADIT/Toko_online-Laravel/vendor/laravel/framework/src/Illuminate/Cookie/Middleware/AddQueuedCookiesToResponse.php(37): Illuminate/Pipeline/Pipeline->{closure:{closure:Illuminate/Pipeline/Pipeline::carry():158}:159}(Object(Illuminate/Http/Request))
#25 D:/PROJECT RADIT/Toko_online-Laravel/vendor/laravel/framework/src/Illuminate/Pipeline/Pipeline.php(183): Illuminate/Cookie/Middleware/AddQueuedCookiesToResponse->handle(Object(Illuminate/Http/Request), Object(Closure))
#26 D:/PROJECT RADIT/Toko_online-Laravel/vendor/laravel/framework/src/Illuminate/Cookie/Middleware/EncryptCookies.php(67): Illuminate/Pipeline/Pipeline->{closure:{closure:Illuminate/Pipeline/Pipeline::carry():158}:159}(Object(Illuminate/Http/Request))
#27 D:/PROJECT RADIT/Toko_online-Laravel/vendor/laravel/framework/src/Illuminate/Pipeline/Pipeline.php(183): Illuminate/Cookie/Middleware/EncryptCookies->handle(Object(Illuminate/Http/Request), Object(Closure))
#28 D:/PROJECT RADIT/Toko_online-Laravel/vendor/laravel/framework/src/Illuminate/Pipeline/Pipeline.php(119): Illuminate/Pipeline/Pipeline->{closure:{closure:Illuminate/Pipeline/Pipeline::carry():158}:159}(Object(Illuminate/Http/Request))
#29 D:/PROJECT RADIT/Toko_online-Laravel/vendor/laravel/framework/src/Illuminate/Routing/Router.php(805): Illuminate/Pipeline/Pipeline->then(Object(Closure))
#30 D:/PROJECT RADIT/Toko_online-Laravel/vendor/laravel/framework/src/Illuminate/Routing/Router.php(784): Illuminate/Routing/Router->runRouteWithinStack(Object(Illuminate/Routing/Route), Object(Illuminate/Http/Request))
#31 D:/PROJECT RADIT/Toko_online-Laravel/vendor/laravel/framework/src/Illuminate/Routing/Router.php(748): Illuminate/Routing/Router->runRoute(Object(Illuminate/Http/Request), Object(Illuminate/Routing/Route))
#32 D:/PROJECT RADIT/Toko_online-Laravel/vendor/laravel/framework/src/Illuminate/Routing/Router.php(737): Illuminate/Routing/Router->dispatchToRoute(Object(Illuminate/Http/Request))
#33 D:/PROJECT RADIT/Toko_online-Laravel/vendor/laravel/framework/src/Illuminate/Foundation/Http/Kernel.php(200): Illuminate/Routing/Router->dispatch(Object(Illuminate/Http/Request))
#34 D:/PROJECT RADIT/Toko_online-Laravel/vendor/laravel/framework/src/Illuminate/Pipeline/Pipeline.php(144): Illuminate/Foundation/Http/Kernel->{closure:Illuminate/Foundation/Http/Kernel::dispatchToRouter():197}(Object(Illuminate/Http/Request))
#35 D:/PROJECT RADIT/Toko_online-Laravel/vendor/laravel/framework/src/Illuminate/Foundation/Http/Middleware/TransformsRequest.php(21): Illuminate/Pipeline/Pipeline->{closure:Illuminate/Pipeline/Pipeline::prepareDestination():142}(Object(Illuminate/Http/Request))
#36 D:/PROJECT RADIT/Toko_online-Laravel/vendor/laravel/framework/src/Illuminate/Foundation/Http/Middleware/ConvertEmptyStringsToNull.php(31): Illuminate/Foundation/Http/Middleware/TransformsRequest->handle(Object(Illuminate/Http/Request), Object(Closure))
#37 D:/PROJECT RADIT/Toko_online-Laravel/vendor/laravel/framework/src/Illuminate/Pipeline/Pipeline.php(183): Illuminate/Foundation/Http/Middleware/ConvertEmptyStringsToNull->handle(Object(Illuminate/Http/Request), Object(Closure))
#38 D:/PROJECT RADIT/Toko_online-Laravel/vendor/laravel/framework/src/Illuminate/Foundation/Http/Middleware/TransformsRequest.php(21): Illuminate/Pipeline/Pipeline->{closure:{closure:Illuminate/Pipeline/Pipeline::carry():158}:159}(Object(Illuminate/Http/Request))
#39 D:/PROJECT RADIT/Toko_online-Laravel/vendor/laravel/framework/src/Illuminate/Foundation/Http/Middleware/TrimStrings.php(40): Illuminate/Foundation/Http/Middleware/TransformsRequest->handle(Object(Illuminate/Http/Request), Object(Closure))
#40 D:/PROJECT RADIT/Toko_online-Laravel/vendor/laravel/framework/src/Illuminate/Pipeline/Pipeline.php(183): Illuminate/Foundation/Http/Middleware/TrimStrings->handle(Object(Illuminate/Http/Request), Object(Closure))
#41 D:/PROJECT RADIT/Toko_online-Laravel/vendor/laravel/framework/src/Illuminate/Foundation/Http/Middleware/ValidatePostSize.php(27): Illuminate/Pipeline/Pipeline->{closure:{closure:Illuminate/Pipeline/Pipeline::carry():158}:159}(Object(Illuminate/Http/Request))
#42 D:/PROJECT RADIT/Toko_online-Laravel/vendor/laravel/framework/src/Illuminate/Pipeline/Pipeline.php(183): Illuminate/Foundation/Http/Middleware/ValidatePostSize->handle(Object(Illuminate/Http/Request), Object(Closure))
#43 D:/PROJECT RADIT/Toko_online-Laravel/vendor/laravel/framework/src/Illuminate/Foundation/Http/Middleware/PreventRequestsDuringMaintenance.php(99): Illuminate/Pipeline/Pipeline->{closure:{closure:Illuminate/Pipeline/Pipeline::carry():158}:159}(Object(Illuminate/Http/Request))
#44 D:/PROJECT RADIT/Toko_online-Laravel/vendor/laravel/framework/src/Illuminate/Pipeline/Pipeline.php(183): Illuminate/Foundation/Http/Middleware/PreventRequestsDuringMaintenance->handle(Object(Illuminate/Http/Request), Object(Closure))
#45 D:/PROJECT RADIT/Toko_online-Laravel/vendor/laravel/framework/src/Illuminate/Http/Middleware/HandleCors.php(49): Illuminate/Pipeline/Pipeline->{closure:{closure:Illuminate/Pipeline/Pipeline::carry():158}:159}(Object(Illuminate/Http/Request))
#46 D:/PROJECT RADIT/Toko_online-Laravel/vendor/laravel/framework/src/Illuminate/Pipeline/Pipeline.php(183): Illuminate/Http/Middleware/HandleCors->handle(Object(Illuminate/Http/Request), Object(Closure))
#47 D:/PROJECT RADIT/Toko_online-Laravel/vendor/laravel/framework/src/Illuminate/Http/Middleware/TrustProxies.php(39): Illuminate/Pipeline/Pipeline->{closure:{closure:Illuminate/Pipeline/Pipeline::carry():158}:159}(Object(Illuminate/Http/Request))
#48 D:/PROJECT RADIT/Toko_online-Laravel/vendor/laravel/framework/src/Illuminate/Pipeline/Pipeline.php(183): Illuminate/Http/Middleware/TrustProxies->handle(Object(Illuminate/Http/Request), Object(Closure))
#49 D:/PROJECT RADIT/Toko_online-Laravel/vendor/laravel/framework/src/Illuminate/Pipeline/Pipeline.php(119): Illuminate/Pipeline/Pipeline->{closure:{closure:Illuminate/Pipeline/Pipeline::carry():158}:159}(Object(Illuminate/Http/Request))
#50 D:/PROJECT RADIT/Toko_online-Laravel/vendor/laravel/framework/src/Illuminate/Foundation/Http/Kernel.php(175): Illuminate/Pipeline/Pipeline->then(Object(Closure))
#51 D:/PROJECT RADIT/Toko_online-Laravel/vendor/laravel/framework/src/Illuminate/Foundation/Http/Kernel.php(144): Illuminate/Foundation/Http/Kernel->sendRequestThroughRouter(Object(Illuminate/Http/Request))
#52 D:/PROJECT RADIT/Toko_online-Laravel/public/index.php(51): Illuminate/Foundation/Http/Kernel->handle(Object(Illuminate/Http/Request))
#53 D:/PROJECT RADIT/Toko_online-Laravel/vendor/laravel/framework/src/Illuminate/Foundation/resources/server.php(16): require_once('D://PROJECT RADI...')
#54 {main}

[previous exception] [object] (Symfony\\Component\\Routing\\Exception\\RouteNotFoundException(code: 0): Route [backend.login.proses] not defined. at D:/PROJECT RADIT/Toko_online-Laravel/vendor/laravel/framework/src/Illuminate/Routing/UrlGenerator.php:477)
[stacktrace]
#0 D:/PROJECT RADIT/Toko_online-Laravel/vendor/laravel/framework/src/Illuminate/Foundation/helpers.php(811): Illuminate/Routing/UrlGenerator->route('backend.login.p...', Array, true)
#1 D:/PROJECT RADIT/Toko_online-Laravel/storage/framework/views/7c2b94aa68e5d2a8ebe7c74188837ae7.php(48): route('backend.login.p...')
#2 D:/PROJECT RADIT/Toko_online-Laravel/vendor/laravel/framework/src/Illuminate/Filesystem/Filesystem.php(123): require('D://PROJECT RADI...')
#3 D:/PROJECT RADIT/Toko_online-Laravel/vendor/laravel/framework/src/Illuminate/Filesystem/Filesystem.php(124): Illuminate/Filesystem/Filesystem::{closure:Illuminate/Filesystem/Filesystem::getRequire():120}()
#4 D:/PROJECT RADIT/Toko_online-Laravel/vendor/laravel/framework/src/Illuminate/View/Engines/PhpEngine.php(58): Illuminate/Filesystem/Filesystem->getRequire('D://PROJECT RADI...', Array)
#5 D:/PROJECT RADIT/Toko_online-Laravel/vendor/laravel/framework/src/Illuminate/View/Engines/CompilerEngine.php(72): Illuminate/View/Engines/PhpEngine->evaluatePath('D://PROJECT RADI...', Array)
#6 D:/PROJECT RADIT/Toko_online-Laravel/vendor/laravel/framework/src/Illuminate/View/View.php(207): Illuminate/View/Engines/CompilerEngine->get('D://PROJECT RADI...', Array)
#7 D:/PROJECT RADIT/Toko_online-Laravel/vendor/laravel/framework/src/Illuminate/View/View.php(190): Illuminate/View/View->getContents()
#8 D:/PROJECT RADIT/Toko_online-Laravel/vendor/laravel/framework/src/Illuminate/View/View.php(159): Illuminate/View/View->renderContents()
#9 D:/PROJECT RADIT/Toko_online-Laravel/vendor/laravel/framework/src/Illuminate/Http/Response.php(69): Illuminate/View/View->render()
#10 D:/PROJECT RADIT/Toko_online-Laravel/vendor/laravel/framework/src/Illuminate/Http/Response.php(35): Illuminate/Http/Response->setContent(Object(Illuminate/View/View))
#11 D:/PROJECT RADIT/Toko_online-Laravel/vendor/laravel/framework/src/Illuminate/Routing/Router.php(918): Illuminate/Http/Response->__construct(Object(Illuminate/View/View), 200, Array)
#12 D:/PROJECT RADIT/Toko_online-Laravel/vendor/laravel/framework/src/Illuminate/Routing/Router.php(885): Illuminate/Routing/Router::toResponse(Object(Illuminate/Http/Request), Object(Illuminate/View/View))
#13 D:/PROJECT RADIT/Toko_online-Laravel/vendor/laravel/framework/src/Illuminate/Routing/Router.php(805): Illuminate/Routing/Router->prepareResponse(Object(Illuminate/Http/Request), Object(Illuminate/View/View))
#14 D:/PROJECT RADIT/Toko_online-Laravel/vendor/laravel/framework/src/Illuminate/Pipeline/Pipeline.php(144): Illuminate/Routing/Router->{closure:Illuminate/Routing/Router::runRouteWithinStack():805}(Object(Illuminate/Http/Request))
#15 D:/PROJECT RADIT/Toko_online-Laravel/vendor/laravel/framework/src/Illuminate/Routing/Middleware/SubstituteBindings.php(50): Illuminate/Pipeline/Pipeline->{closure:Illuminate/Pipeline/Pipeline::prepareDestination():142}(Object(Illuminate/Http/Request))
#16 D:/PROJECT RADIT/Toko_online-Laravel/vendor/laravel/framework/src/Illuminate/Pipeline/Pipeline.php(183): Illuminate/Routing/Middleware/SubstituteBindings->handle(Object(Illuminate/Http/Request), Object(Closure))
#17 D:/PROJECT RADIT/Toko_online-Laravel/vendor/laravel/framework/src/Illuminate/Foundation/Http/Middleware/VerifyCsrfToken.php(78): Illuminate/Pipeline/Pipeline->{closure:{closure:Illuminate/Pipeline/Pipeline::carry():158}:159}(Object(Illuminate/Http/Request))
#18 D:/PROJECT RADIT/Toko_online-Laravel/vendor/laravel/framework/src/Illuminate/Pipeline/Pipeline.php(183): Illuminate/Foundation/Http/Middleware/VerifyCsrfToken->handle(Object(Illuminate/Http/Request), Object(Closure))
#19 D:/PROJECT RADIT/Toko_online-Laravel/vendor/laravel/framework/src/Illuminate/View/Middleware/ShareErrorsFromSession.php(49): Illuminate/Pipeline/Pipeline->{closure:{closure:Illuminate/Pipeline/Pipeline::carry():158}:159}(Object(Illuminate/Http/Request))
#20 D:/PROJECT RADIT/Toko_online-Laravel/vendor/laravel/framework/src/Illuminate/Pipeline/Pipeline.php(183): Illuminate/View/Middleware/ShareErrorsFromSession->handle(Object(Illuminate/Http/Request), Object(Closure))
#21 D:/PROJECT RADIT/Toko_online-Laravel/vendor/laravel/framework/src/Illuminate/Session/Middleware/StartSession.php(121): Illuminate/Pipeline/Pipeline->{closure:{closure:Illuminate/Pipeline/Pipeline::carry():158}:159}(Object(Illuminate/Http/Request))
#22 D:/PROJECT RADIT/Toko_online-Laravel/vendor/laravel/framework/src/Illuminate/Session/Middleware/StartSession.php(64): Illuminate/Session/Middleware/StartSession->handleStatefulRequest(Object(Illuminate/Http/Request), Object(Illuminate/Session/Store), Object(Closure))
#23 D:/PROJECT RADIT/Toko_online-Laravel/vendor/laravel/framework/src/Illuminate/Pipeline/Pipeline.php(183): Illuminate/Session/Middleware/StartSession->handle(Object(Illuminate/Http/Request), Object(Closure))
#24 D:/PROJECT RADIT/Toko_online-Laravel/vendor/laravel/framework/src/Illuminate/Cookie/Middleware/AddQueuedCookiesToResponse.php(37): Illuminate/Pipeline/Pipeline->{closure:{closure:Illuminate/Pipeline/Pipeline::carry():158}:159}(Object(Illuminate/Http/Request))
#25 D:/PROJECT RADIT/Toko_online-Laravel/vendor/laravel/framework/src/Illuminate/Pipeline/Pipeline.php(183): Illuminate/Cookie/Middleware/AddQueuedCookiesToResponse->handle(Object(Illuminate/Http/Request), Object(Closure))
#26 D:/PROJECT RADIT/Toko_online-Laravel/vendor/laravel/framework/src/Illuminate/Cookie/Middleware/EncryptCookies.php(67): Illuminate/Pipeline/Pipeline->{closure:{closure:Illuminate/Pipeline/Pipeline::carry():158}:159}(Object(Illuminate/Http/Request))
#27 D:/PROJECT RADIT/Toko_online-Laravel/vendor/laravel/framework/src/Illuminate/Pipeline/Pipeline.php(183): Illuminate/Cookie/Middleware/EncryptCookies->handle(Object(Illuminate/Http/Request), Object(Closure))
#28 D:/PROJECT RADIT/Toko_online-Laravel/vendor/laravel/framework/src/Illuminate/Pipeline/Pipeline.php(119): Illuminate/Pipeline/Pipeline->{closure:{closure:Illuminate/Pipeline/Pipeline::carry():158}:159}(Object(Illuminate/Http/Request))
#29 D:/PROJECT RADIT/Toko_online-Laravel/vendor/laravel/framework/src/Illuminate/Routing/Router.php(805): Illuminate/Pipeline/Pipeline->then(Object(Closure))
#30 D:/PROJECT RADIT/Toko_online-Laravel/vendor/laravel/framework/src/Illuminate/Routing/Router.php(784): Illuminate/Routing/Router->runRouteWithinStack(Object(Illuminate/Routing/Route), Object(Illuminate/Http/Request))
#31 D:/PROJECT RADIT/Toko_online-Laravel/vendor/laravel/framework/src/Illuminate/Routing/Router.php(748): Illuminate/Routing/Router->runRoute(Object(Illuminate/Http/Request), Object(Illuminate/Routing/Route))
#32 D:/PROJECT RADIT/Toko_online-Laravel/vendor/laravel/framework/src/Illuminate/Routing/Router.php(737): Illuminate/Routing/Router->dispatchToRoute(Object(Illuminate/Http/Request))
#33 D:/PROJECT RADIT/Toko_online-Laravel/vendor/laravel/framework/src/Illuminate/Foundation/Http/Kernel.php(200): Illuminate/Routing/Router->dispatch(Object(Illuminate/Http/Request))
#34 D:/PROJECT RADIT/Toko_online-Laravel/vendor/laravel/framework/src/Illuminate/Pipeline/Pipeline.php(144): Illuminate/Foundation/Http/Kernel->{closure:Illuminate/Foundation/Http/Kernel::dispatchToRouter():197}(Object(Illuminate/Http/Request))
#35 D:/PROJECT RADIT/Toko_online-Laravel/vendor/laravel/framework/src/Illuminate/Foundation/Http/Middleware/TransformsRequest.php(21): Illuminate/Pipeline/Pipeline->{closure:Illuminate/Pipeline/Pipeline::prepareDestination():142}(Object(Illuminate/Http/Request))
#36 D:/PROJECT RADIT/Toko_online-Laravel/vendor/laravel/framework/src/Illuminate/Foundation/Http/Middleware/ConvertEmptyStringsToNull.php(31): Illuminate/Foundation/Http/Middleware/TransformsRequest->handle(Object(Illuminate/Http/Request), Object(Closure))
#37 D:/PROJECT RADIT/Toko_online-Laravel/vendor/laravel/framework/src/Illuminate/Pipeline/Pipeline.php(183): Illuminate/Foundation/Http/Middleware/ConvertEmptyStringsToNull->handle(Object(Illuminate/Http/Request), Object(Closure))
#38 D:/PROJECT RADIT/Toko_online-Laravel/vendor/laravel/framework/src/Illuminate/Foundation/Http/Middleware/TransformsRequest.php(21): Illuminate/Pipeline/Pipeline->{closure:{closure:Illuminate/Pipeline/Pipeline::carry():158}:159}(Object(Illuminate/Http/Request))
#39 D:/PROJECT RADIT/Toko_online-Laravel/vendor/laravel/framework/src/Illuminate/Foundation/Http/Middleware/TrimStrings.php(40): Illuminate/Foundation/Http/Middleware/TransformsRequest->handle(Object(Illuminate/Http/Request), Object(Closure))
#40 D:/PROJECT RADIT/Toko_online-Laravel/vendor/laravel/framework/src/Illuminate/Pipeline/Pipeline.php(183): Illuminate/Foundation/Http/Middleware/TrimStrings->handle(Object(Illuminate/Http/Request), Object(Closure))
#41 D:/PROJECT RADIT/Toko_online-Laravel/vendor/laravel/framework/src/Illuminate/Foundation/Http/Middleware/ValidatePostSize.php(27): Illuminate/Pipeline/Pipeline->{closure:{closure:Illuminate/Pipeline/Pipeline::carry():158}:159}(Object(Illuminate/Http/Request))
#42 D:/PROJECT RADIT/Toko_online-Laravel/vendor/laravel/framework/src/Illuminate/Pipeline/Pipeline.php(183): Illuminate/Foundation/Http/Middleware/ValidatePostSize->handle(Object(Illuminate/Http/Request), Object(Closure))
#43 D:/PROJECT RADIT/Toko_online-Laravel/vendor/laravel/framework/src/Illuminate/Foundation/Http/Middleware/PreventRequestsDuringMaintenance.php(99): Illuminate/Pipeline/Pipeline->{closure:{closure:Illuminate/Pipeline/Pipeline::carry():158}:159}(Object(Illuminate/Http/Request))
#44 D:/PROJECT RADIT/Toko_online-Laravel/vendor/laravel/framework/src/Illuminate/Pipeline/Pipeline.php(183): Illuminate/Foundation/Http/Middleware/PreventRequestsDuringMaintenance->handle(Object(Illuminate/Http/Request), Object(Closure))
#45 D:/PROJECT RADIT/Toko_online-Laravel/vendor/laravel/framework/src/Illuminate/Http/Middleware/HandleCors.php(49): Illuminate/Pipeline/Pipeline->{closure:{closure:Illuminate/Pipeline/Pipeline::carry():158}:159}(Object(Illuminate/Http/Request))
#46 D:/PROJECT RADIT/Toko_online-Laravel/vendor/laravel/framework/src/Illuminate/Pipeline/Pipeline.php(183): Illuminate/Http/Middleware/HandleCors->handle(Object(Illuminate/Http/Request), Object(Closure))
#47 D:/PROJECT RADIT/Toko_online-Laravel/vendor/laravel/framework/src/Illuminate/Http/Middleware/TrustProxies.php(39): Illuminate/Pipeline/Pipeline->{closure:{closure:Illuminate/Pipeline/Pipeline::carry():158}:159}(Object(Illuminate/Http/Request))
#48 D:/PROJECT RADIT/Toko_online-Laravel/vendor/laravel/framework/src/Illuminate/Pipeline/Pipeline.php(183): Illuminate/Http/Middleware/TrustProxies->handle(Object(Illuminate/Http/Request), Object(Closure))
#49 D:/PROJECT RADIT/Toko_online-Laravel/vendor/laravel/framework/src/Illuminate/Pipeline/Pipeline.php(119): Illuminate/Pipeline/Pipeline->{closure:{closure:Illuminate/Pipeline/Pipeline::carry():158}:159}(Object(Illuminate/Http/Request))
#50 D:/PROJECT RADIT/Toko_online-Laravel/vendor/laravel/framework/src/Illuminate/Foundation/Http/Kernel.php(175): Illuminate/Pipeline/Pipeline->then(Object(Closure))
#51 D:/PROJECT RADIT/Toko_online-Laravel/vendor/laravel/framework/src/Illuminate/Foundation/Http/Kernel.php(144): Illuminate/Foundation/Http/Kernel->sendRequestThroughRouter(Object(Illuminate/Http/Request))
#52 D:/PROJECT RADIT/Toko_online-Laravel/public/index.php(51): Illuminate/Foundation/Http/Kernel->handle(Object(Illuminate/Http/Request))
#53 D:/PROJECT RADIT/Toko_online-Laravel/vendor/laravel/framework/src/Illuminate/Foundation/resources/server.php(16): require_once('D://PROJECT RADI...')
#54 {main}
"} 
[2026-06-22 20:32:57] local.ERROR: There are no commands defined in the "log" namespace. {"exception":"[object] (Symfony\\Component\\Console\\Exception\\NamespaceNotFoundException(code: 0): There are no commands defined in the \"log\" namespace. at D:/PROJECT RADIT/Toko_online-Laravel/vendor/symfony/console/Application.php:678)
[stacktrace]
#0 D:/PROJECT RADIT/Toko_online-Laravel/vendor/symfony/console/Application.php(729): Symfony/Component/Console/Application->findNamespace('log')
#1 D:/PROJECT RADIT/Toko_online-Laravel/vendor/symfony/console/Application.php(266): Symfony/Component/Console/Application->find('log:show')
#2 D:/PROJECT RADIT/Toko_online-Laravel/vendor/symfony/console/Application.php(175): Symfony/Component/Console/Application->doRun(Object(Symfony/Component/Console/Input/ArgvInput), Object(Symfony/Component/Console/Output/ConsoleOutput))
#3 D:/PROJECT RADIT/Toko_online-Laravel/vendor/laravel/framework/src/Illuminate/Foundation/Console/Kernel.php(201): Symfony/Component/Console/Application->run(Object(Symfony/Component/Console/Input/ArgvInput), Object(Symfony/Component/Console/Output/ConsoleOutput))
#4 D:/PROJECT RADIT/Toko_online-Laravel/artisan(35): Illuminate/Foundation/Console/Kernel->handle(Object(Symfony/Component/Console/Input/ArgvInput), Object(Symfony/Component/Console/Output/ConsoleOutput))
#5 {main}
"} 
[2026-06-22 20:42:28] local.ERROR: Route [backend.laporan-penjualan.index] not defined. {"view":{"view":"D:\\PROJECT RADIT\\Toko_online-Laravel\\resources\\views\\backend\\v_laporan_penjualan\\index.blade.php","data":{"errors":"<pre class=sf-dump id=sf-dump-128184327 data-indent-pad=\"  \"><span class=sf-dump-note>Illuminate\\Support\\ViewErrorBag</span> {<a class=sf-dump-ref>#1051</a><samp data-depth=1 class=sf-dump-expanded>
  #<span class=sf-dump-protected title=\"Protected property\">bags</span>: []
</samp>}
</pre><script>Sfdump(\"sf-dump-128184327\", {\"maxDepth\":3,\"maxStringLength\":160})</script>
","judul":"<pre class=sf-dump id=sf-dump-1073018906 data-indent-pad=\"  \">\"<span class=sf-dump-str title=\"17 characters\">Laporan Penjualan</span>\"
</pre><script>Sfdump(\"sf-dump-1073018906\", {\"maxDepth\":3,\"maxStringLength\":160})</script>
","index":"<pre class=sf-dump id=sf-dump-70771883 data-indent-pad=\"  \"><span class=sf-dump-note>Illuminate\\Support\\Collection</span> {<a class=sf-dump-ref>#1062</a><samp data-depth=1 class=sf-dump-expanded>
  #<span class=sf-dump-protected title=\"Protected property\">items</span>: []
  #<span class=sf-dump-protected title=\"Protected property\">escapeWhenCastingToString</span>: <span class=sf-dump-const>false</span>
</samp>}
</pre><script>Sfdump(\"sf-dump-70771883\", {\"maxDepth\":3,\"maxStringLength\":160})</script>
","total":"<pre class=sf-dump id=sf-dump-1006362316 data-indent-pad=\"  \"><span class=sf-dump-num>0</span>
</pre><script>Sfdump(\"sf-dump-1006362316\", {\"maxDepth\":3,\"maxStringLength\":160})</script>
","tanggal_awal":"<pre class=sf-dump id=sf-dump-1333704635 data-indent-pad=\"  \"><span class=sf-dump-const>null</span>
</pre><script>Sfdump(\"sf-dump-1333704635\", {\"maxDepth\":3,\"maxStringLength\":160})</script>
","tanggal_akhir":"<pre class=sf-dump id=sf-dump-1141748390 data-indent-pad=\"  \"><span class=sf-dump-const>null</span>
</pre><script>Sfdump(\"sf-dump-1141748390\", {\"maxDepth\":3,\"maxStringLength\":160})</script>
"}},"userId":1,"exception":"[object] (Spatie\\LaravelIgnition\\Exceptions\\ViewException(code: 0): Route [backend.laporan-penjualan.index] not defined. at D:/PROJECT RADIT/Toko_online-Laravel/vendor/laravel/framework/src/Illuminate/Routing/UrlGenerator.php:477)
[stacktrace]
#0 D:/PROJECT RADIT/Toko_online-Laravel/vendor/laravel/framework/src/Illuminate/Foundation/helpers.php(811): Illuminate/Routing/UrlGenerator->route('backend.laporan...', Array, true)
#1 D:/PROJECT RADIT/Toko_online-Laravel/resources/views/backend/v_laporan_penjualan/index.blade.php(9): route('backend.laporan...')
#2 D:/PROJECT RADIT/Toko_online-Laravel/vendor/laravel/framework/src/Illuminate/Filesystem/Filesystem.php(123): require('D://PROJECT RADI...')
#3 D:/PROJECT RADIT/Toko_online-Laravel/vendor/laravel/framework/src/Illuminate/Filesystem/Filesystem.php(124): Illuminate/Filesystem/Filesystem::{closure:Illuminate/Filesystem/Filesystem::getRequire():120}()
#4 D:/PROJECT RADIT/Toko_online-Laravel/vendor/laravel/framework/src/Illuminate/View/Engines/PhpEngine.php(58): Illuminate/Filesystem/Filesystem->getRequire('D://PROJECT RADI...', Array)
#5 D:/PROJECT RADIT/Toko_online-Laravel/vendor/laravel/framework/src/Illuminate/View/Engines/CompilerEngine.php(72): Illuminate/View/Engines/PhpEngine->evaluatePath('D://PROJECT RADI...', Array)
#6 D:/PROJECT RADIT/Toko_online-Laravel/vendor/laravel/framework/src/Illuminate/View/View.php(207): Illuminate/View/Engines/CompilerEngine->get('D://PROJECT RADI...', Array)
#7 D:/PROJECT RADIT/Toko_online-Laravel/vendor/laravel/framework/src/Illuminate/View/View.php(190): Illuminate/View/View->getContents()
#8 D:/PROJECT RADIT/Toko_online-Laravel/vendor/laravel/framework/src/Illuminate/View/View.php(159): Illuminate/View/View->renderContents()
#9 D:/PROJECT RADIT/Toko_online-Laravel/vendor/laravel/framework/src/Illuminate/Http/Response.php(69): Illuminate/View/View->render()
#10 D:/PROJECT RADIT/Toko_online-Laravel/vendor/laravel/framework/src/Illuminate/Http/Response.php(35): Illuminate/Http/Response->setContent(Object(Illuminate/View/View))
#11 D:/PROJECT RADIT/Toko_online-Laravel/vendor/laravel/framework/src/Illuminate/Routing/Router.php(918): Illuminate/Http/Response->__construct(Object(Illuminate/View/View), 200, Array)
#12 D:/PROJECT RADIT/Toko_online-Laravel/vendor/laravel/framework/src/Illuminate/Routing/Router.php(885): Illuminate/Routing/Router::toResponse(Object(Illuminate/Http/Request), Object(Illuminate/View/View))
#13 D:/PROJECT RADIT/Toko_online-Laravel/vendor/laravel/framework/src/Illuminate/Routing/Router.php(805): Illuminate/Routing/Router->prepareResponse(Object(Illuminate/Http/Request), Object(Illuminate/View/View))
#14 D:/PROJECT RADIT/Toko_online-Laravel/vendor/laravel/framework/src/Illuminate/Pipeline/Pipeline.php(144): Illuminate/Routing/Router->{closure:Illuminate/Routing/Router::runRouteWithinStack():805}(Object(Illuminate/Http/Request))
#15 D:/PROJECT RADIT/Toko_online-Laravel/vendor/laravel/framework/src/Illuminate/Routing/Middleware/SubstituteBindings.php(50): Illuminate/Pipeline/Pipeline->{closure:Illuminate/Pipeline/Pipeline::prepareDestination():142}(Object(Illuminate/Http/Request))
#16 D:/PROJECT RADIT/Toko_online-Laravel/vendor/laravel/framework/src/Illuminate/Pipeline/Pipeline.php(183): Illuminate/Routing/Middleware/SubstituteBindings->handle(Object(Illuminate/Http/Request), Object(Closure))
#17 D:/PROJECT RADIT/Toko_online-Laravel/vendor/laravel/framework/src/Illuminate/Auth/Middleware/Authenticate.php(57): Illuminate/Pipeline/Pipeline->{closure:{closure:Illuminate/Pipeline/Pipeline::carry():158}:159}(Object(Illuminate/Http/Request))
#18 D:/PROJECT RADIT/Toko_online-Laravel/vendor/laravel/framework/src/Illuminate/Pipeline/Pipeline.php(183): Illuminate/Auth/Middleware/Authenticate->handle(Object(Illuminate/Http/Request), Object(Closure))
#19 D:/PROJECT RADIT/Toko_online-Laravel/vendor/laravel/framework/src/Illuminate/Foundation/Http/Middleware/VerifyCsrfToken.php(78): Illuminate/Pipeline/Pipeline->{closure:{closure:Illuminate/Pipeline/Pipeline::carry():158}:159}(Object(Illuminate/Http/Request))
#20 D:/PROJECT RADIT/Toko_online-Laravel/vendor/laravel/framework/src/Illuminate/Pipeline/Pipeline.php(183): Illuminate/Foundation/Http/Middleware/VerifyCsrfToken->handle(Object(Illuminate/Http/Request), Object(Closure))
#21 D:/PROJECT RADIT/Toko_online-Laravel/vendor/laravel/framework/src/Illuminate/View/Middleware/ShareErrorsFromSession.php(49): Illuminate/Pipeline/Pipeline->{closure:{closure:Illuminate/Pipeline/Pipeline::carry():158}:159}(Object(Illuminate/Http/Request))
#22 D:/PROJECT RADIT/Toko_online-Laravel/vendor/laravel/framework/src/Illuminate/Pipeline/Pipeline.php(183): Illuminate/View/Middleware/ShareErrorsFromSession->handle(Object(Illuminate/Http/Request), Object(Closure))
#23 D:/PROJECT RADIT/Toko_online-Laravel/vendor/laravel/framework/src/Illuminate/Session/Middleware/StartSession.php(121): Illuminate/Pipeline/Pipeline->{closure:{closure:Illuminate/Pipeline/Pipeline::carry():158}:159}(Object(Illuminate/Http/Request))
#24 D:/PROJECT RADIT/Toko_online-Laravel/vendor/laravel/framework/src/Illuminate/Session/Middleware/StartSession.php(64): Illuminate/Session/Middleware/StartSession->handleStatefulRequest(Object(Illuminate/Http/Request), Object(Illuminate/Session/Store), Object(Closure))
#25 D:/PROJECT RADIT/Toko_online-Laravel/vendor/laravel/framework/src/Illuminate/Pipeline/Pipeline.php(183): Illuminate/Session/Middleware/StartSession->handle(Object(Illuminate/Http/Request), Object(Closure))
#26 D:/PROJECT RADIT/Toko_online-Laravel/vendor/laravel/framework/src/Illuminate/Cookie/Middleware/AddQueuedCookiesToResponse.php(37): Illuminate/Pipeline/Pipeline->{closure:{closure:Illuminate/Pipeline/Pipeline::carry():158}:159}(Object(Illuminate/Http/Request))
#27 D:/PROJECT RADIT/Toko_online-Laravel/vendor/laravel/framework/src/Illuminate/Pipeline/Pipeline.php(183): Illuminate/Cookie/Middleware/AddQueuedCookiesToResponse->handle(Object(Illuminate/Http/Request), Object(Closure))
#28 D:/PROJECT RADIT/Toko_online-Laravel/vendor/laravel/framework/src/Illuminate/Cookie/Middleware/EncryptCookies.php(67): Illuminate/Pipeline/Pipeline->{closure:{closure:Illuminate/Pipeline/Pipeline::carry():158}:159}(Object(Illuminate/Http/Request))
#29 D:/PROJECT RADIT/Toko_online-Laravel/vendor/laravel/framework/src/Illuminate/Pipeline/Pipeline.php(183): Illuminate/Cookie/Middleware/EncryptCookies->handle(Object(Illuminate/Http/Request), Object(Closure))
#30 D:/PROJECT RADIT/Toko_online-Laravel/vendor/laravel/framework/src/Illuminate/Pipeline/Pipeline.php(119): Illuminate/Pipeline/Pipeline->{closure:{closure:Illuminate/Pipeline/Pipeline::carry():158}:159}(Object(Illuminate/Http/Request))
#31 D:/PROJECT RADIT/Toko_online-Laravel/vendor/laravel/framework/src/Illuminate/Routing/Router.php(805): Illuminate/Pipeline/Pipeline->then(Object(Closure))
#32 D:/PROJECT RADIT/Toko_online-Laravel/vendor/laravel/framework/src/Illuminate/Routing/Router.php(784): Illuminate/Routing/Router->runRouteWithinStack(Object(Illuminate/Routing/Route), Object(Illuminate/Http/Request))
#33 D:/PROJECT RADIT/Toko_online-Laravel/vendor/laravel/framework/src/Illuminate/Routing/Router.php(748): Illuminate/Routing/Router->runRoute(Object(Illuminate/Http/Request), Object(Illuminate/Routing/Route))
#34 D:/PROJECT RADIT/Toko_online-Laravel/vendor/laravel/framework/src/Illuminate/Routing/Router.php(737): Illuminate/Routing/Router->dispatchToRoute(Object(Illuminate/Http/Request))
#35 D:/PROJECT RADIT/Toko_online-Laravel/vendor/laravel/framework/src/Illuminate/Foundation/Http/Kernel.php(200): Illuminate/Routing/Router->dispatch(Object(Illuminate/Http/Request))
#36 D:/PROJECT RADIT/Toko_online-Laravel/vendor/laravel/framework/src/Illuminate/Pipeline/Pipeline.php(144): Illuminate/Foundation/Http/Kernel->{closure:Illuminate/Foundation/Http/Kernel::dispatchToRouter():197}(Object(Illuminate/Http/Request))
#37 D:/PROJECT RADIT/Toko_online-Laravel/vendor/laravel/framework/src/Illuminate/Foundation/Http/Middleware/TransformsRequest.php(21): Illuminate/Pipeline/Pipeline->{closure:Illuminate/Pipeline/Pipeline::prepareDestination():142}(Object(Illuminate/Http/Request))
#38 D:/PROJECT RADIT/Toko_online-Laravel/vendor/laravel/framework/src/Illuminate/Foundation/Http/Middleware/ConvertEmptyStringsToNull.php(31): Illuminate/Foundation/Http/Middleware/TransformsRequest->handle(Object(Illuminate/Http/Request), Object(Closure))
#39 D:/PROJECT RADIT/Toko_online-Laravel/vendor/laravel/framework/src/Illuminate/Pipeline/Pipeline.php(183): Illuminate/Foundation/Http/Middleware/ConvertEmptyStringsToNull->handle(Object(Illuminate/Http/Request), Object(Closure))
#40 D:/PROJECT RADIT/Toko_online-Laravel/vendor/laravel/framework/src/Illuminate/Foundation/Http/Middleware/TransformsRequest.php(21): Illuminate/Pipeline/Pipeline->{closure:{closure:Illuminate/Pipeline/Pipeline::carry():158}:159}(Object(Illuminate/Http/Request))
#41 D:/PROJECT RADIT/Toko_online-Laravel/vendor/laravel/framework/src/Illuminate/Foundation/Http/Middleware/TrimStrings.php(40): Illuminate/Foundation/Http/Middleware/TransformsRequest->handle(Object(Illuminate/Http/Request), Object(Closure))
#42 D:/PROJECT RADIT/Toko_online-Laravel/vendor/laravel/framework/src/Illuminate/Pipeline/Pipeline.php(183): Illuminate/Foundation/Http/Middleware/TrimStrings->handle(Object(Illuminate/Http/Request), Object(Closure))
#43 D:/PROJECT RADIT/Toko_online-Laravel/vendor/laravel/framework/src/Illuminate/Foundation/Http/Middleware/ValidatePostSize.php(27): Illuminate/Pipeline/Pipeline->{closure:{closure:Illuminate/Pipeline/Pipeline::carry():158}:159}(Object(Illuminate/Http/Request))
#44 D:/PROJECT RADIT/Toko_online-Laravel/vendor/laravel/framework/src/Illuminate/Pipeline/Pipeline.php(183): Illuminate/Foundation/Http/Middleware/ValidatePostSize->handle(Object(Illuminate/Http/Request), Object(Closure))
#45 D:/PROJECT RADIT/Toko_online-Laravel/vendor/laravel/framework/src/Illuminate/Foundation/Http/Middleware/PreventRequestsDuringMaintenance.php(99): Illuminate/Pipeline/Pipeline->{closure:{closure:Illuminate/Pipeline/Pipeline::carry():158}:159}(Object(Illuminate/Http/Request))
#46 D:/PROJECT RADIT/Toko_online-Laravel/vendor/laravel/framework/src/Illuminate/Pipeline/Pipeline.php(183): Illuminate/Foundation/Http/Middleware/PreventRequestsDuringMaintenance->handle(Object(Illuminate/Http/Request), Object(Closure))
#47 D:/PROJECT RADIT/Toko_online-Laravel/vendor/laravel/framework/src/Illuminate/Http/Middleware/HandleCors.php(49): Illuminate/Pipeline/Pipeline->{closure:{closure:Illuminate/Pipeline/Pipeline::carry():158}:159}(Object(Illuminate/Http/Request))
#48 D:/PROJECT RADIT/Toko_online-Laravel/vendor/laravel/framework/src/Illuminate/Pipeline/Pipeline.php(183): Illuminate/Http/Middleware/HandleCors->handle(Object(Illuminate/Http/Request), Object(Closure))
#49 D:/PROJECT RADIT/Toko_online-Laravel/vendor/laravel/framework/src/Illuminate/Http/Middleware/TrustProxies.php(39): Illuminate/Pipeline/Pipeline->{closure:{closure:Illuminate/Pipeline/Pipeline::carry():158}:159}(Object(Illuminate/Http/Request))
#50 D:/PROJECT RADIT/Toko_online-Laravel/vendor/laravel/framework/src/Illuminate/Pipeline/Pipeline.php(183): Illuminate/Http/Middleware/TrustProxies->handle(Object(Illuminate/Http/Request), Object(Closure))
#51 D:/PROJECT RADIT/Toko_online-Laravel/vendor/laravel/framework/src/Illuminate/Pipeline/Pipeline.php(119): Illuminate/Pipeline/Pipeline->{closure:{closure:Illuminate/Pipeline/Pipeline::carry():158}:159}(Object(Illuminate/Http/Request))
#52 D:/PROJECT RADIT/Toko_online-Laravel/vendor/laravel/framework/src/Illuminate/Foundation/Http/Kernel.php(175): Illuminate/Pipeline/Pipeline->then(Object(Closure))
#53 D:/PROJECT RADIT/Toko_online-Laravel/vendor/laravel/framework/src/Illuminate/Foundation/Http/Kernel.php(144): Illuminate/Foundation/Http/Kernel->sendRequestThroughRouter(Object(Illuminate/Http/Request))
#54 D:/PROJECT RADIT/Toko_online-Laravel/public/index.php(51): Illuminate/Foundation/Http/Kernel->handle(Object(Illuminate/Http/Request))
#55 D:/PROJECT RADIT/Toko_online-Laravel/vendor/laravel/framework/src/Illuminate/Foundation/resources/server.php(16): require_once('D://PROJECT RADI...')
#56 {main}

[previous exception] [object] (Symfony\\Component\\Routing\\Exception\\RouteNotFoundException(code: 0): Route [backend.laporan-penjualan.index] not defined. at D:/PROJECT RADIT/Toko_online-Laravel/vendor/laravel/framework/src/Illuminate/Routing/UrlGenerator.php:477)
[stacktrace]
#0 D:/PROJECT RADIT/Toko_online-Laravel/vendor/laravel/framework/src/Illuminate/Foundation/helpers.php(811): Illuminate/Routing/UrlGenerator->route('backend.laporan...', Array, true)
#1 D:/PROJECT RADIT/Toko_online-Laravel/storage/framework/views/6aa8d5af83272ee0bea929fe82f93d63.php(9): route('backend.laporan...')
#2 D:/PROJECT RADIT/Toko_online-Laravel/vendor/laravel/framework/src/Illuminate/Filesystem/Filesystem.php(123): require('D://PROJECT RADI...')
#3 D:/PROJECT RADIT/Toko_online-Laravel/vendor/laravel/framework/src/Illuminate/Filesystem/Filesystem.php(124): Illuminate/Filesystem/Filesystem::{closure:Illuminate/Filesystem/Filesystem::getRequire():120}()
#4 D:/PROJECT RADIT/Toko_online-Laravel/vendor/laravel/framework/src/Illuminate/View/Engines/PhpEngine.php(58): Illuminate/Filesystem/Filesystem->getRequire('D://PROJECT RADI...', Array)
#5 D:/PROJECT RADIT/Toko_online-Laravel/vendor/laravel/framework/src/Illuminate/View/Engines/CompilerEngine.php(72): Illuminate/View/Engines/PhpEngine->evaluatePath('D://PROJECT RADI...', Array)
#6 D:/PROJECT RADIT/Toko_online-Laravel/vendor/laravel/framework/src/Illuminate/View/View.php(207): Illuminate/View/Engines/CompilerEngine->get('D://PROJECT RADI...', Array)
#7 D:/PROJECT RADIT/Toko_online-Laravel/vendor/laravel/framework/src/Illuminate/View/View.php(190): Illuminate/View/View->getContents()
#8 D:/PROJECT RADIT/Toko_online-Laravel/vendor/laravel/framework/src/Illuminate/View/View.php(159): Illuminate/View/View->renderContents()
#9 D:/PROJECT RADIT/Toko_online-Laravel/vendor/laravel/framework/src/Illuminate/Http/Response.php(69): Illuminate/View/View->render()
#10 D:/PROJECT RADIT/Toko_online-Laravel/vendor/laravel/framework/src/Illuminate/Http/Response.php(35): Illuminate/Http/Response->setContent(Object(Illuminate/View/View))
#11 D:/PROJECT RADIT/Toko_online-Laravel/vendor/laravel/framework/src/Illuminate/Routing/Router.php(918): Illuminate/Http/Response->__construct(Object(Illuminate/View/View), 200, Array)
#12 D:/PROJECT RADIT/Toko_online-Laravel/vendor/laravel/framework/src/Illuminate/Routing/Router.php(885): Illuminate/Routing/Router::toResponse(Object(Illuminate/Http/Request), Object(Illuminate/View/View))
#13 D:/PROJECT RADIT/Toko_online-Laravel/vendor/laravel/framework/src/Illuminate/Routing/Router.php(805): Illuminate/Routing/Router->prepareResponse(Object(Illuminate/Http/Request), Object(Illuminate/View/View))
#14 D:/PROJECT RADIT/Toko_online-Laravel/vendor/laravel/framework/src/Illuminate/Pipeline/Pipeline.php(144): Illuminate/Routing/Router->{closure:Illuminate/Routing/Router::runRouteWithinStack():805}(Object(Illuminate/Http/Request))
#15 D:/PROJECT RADIT/Toko_online-Laravel/vendor/laravel/framework/src/Illuminate/Routing/Middleware/SubstituteBindings.php(50): Illuminate/Pipeline/Pipeline->{closure:Illuminate/Pipeline/Pipeline::prepareDestination():142}(Object(Illuminate/Http/Request))
#16 D:/PROJECT RADIT/Toko_online-Laravel/vendor/laravel/framework/src/Illuminate/Pipeline/Pipeline.php(183): Illuminate/Routing/Middleware/SubstituteBindings->handle(Object(Illuminate/Http/Request), Object(Closure))
#17 D:/PROJECT RADIT/Toko_online-Laravel/vendor/laravel/framework/src/Illuminate/Auth/Middleware/Authenticate.php(57): Illuminate/Pipeline/Pipeline->{closure:{closure:Illuminate/Pipeline/Pipeline::carry():158}:159}(Object(Illuminate/Http/Request))
#18 D:/PROJECT RADIT/Toko_online-Laravel/vendor/laravel/framework/src/Illuminate/Pipeline/Pipeline.php(183): Illuminate/Auth/Middleware/Authenticate->handle(Object(Illuminate/Http/Request), Object(Closure))
#19 D:/PROJECT RADIT/Toko_online-Laravel/vendor/laravel/framework/src/Illuminate/Foundation/Http/Middleware/VerifyCsrfToken.php(78): Illuminate/Pipeline/Pipeline->{closure:{closure:Illuminate/Pipeline/Pipeline::carry():158}:159}(Object(Illuminate/Http/Request))
#20 D:/PROJECT RADIT/Toko_online-Laravel/vendor/laravel/framework/src/Illuminate/Pipeline/Pipeline.php(183): Illuminate/Foundation/Http/Middleware/VerifyCsrfToken->handle(Object(Illuminate/Http/Request), Object(Closure))
#21 D:/PROJECT RADIT/Toko_online-Laravel/vendor/laravel/framework/src/Illuminate/View/Middleware/ShareErrorsFromSession.php(49): Illuminate/Pipeline/Pipeline->{closure:{closure:Illuminate/Pipeline/Pipeline::carry():158}:159}(Object(Illuminate/Http/Request))
#22 D:/PROJECT RADIT/Toko_online-Laravel/vendor/laravel/framework/src/Illuminate/Pipeline/Pipeline.php(183): Illuminate/View/Middleware/ShareErrorsFromSession->handle(Object(Illuminate/Http/Request), Object(Closure))
#23 D:/PROJECT RADIT/Toko_online-Laravel/vendor/laravel/framework/src/Illuminate/Session/Middleware/StartSession.php(121): Illuminate/Pipeline/Pipeline->{closure:{closure:Illuminate/Pipeline/Pipeline::carry():158}:159}(Object(Illuminate/Http/Request))
#24 D:/PROJECT RADIT/Toko_online-Laravel/vendor/laravel/framework/src/Illuminate/Session/Middleware/StartSession.php(64): Illuminate/Session/Middleware/StartSession->handleStatefulRequest(Object(Illuminate/Http/Request), Object(Illuminate/Session/Store), Object(Closure))
#25 D:/PROJECT RADIT/Toko_online-Laravel/vendor/laravel/framework/src/Illuminate/Pipeline/Pipeline.php(183): Illuminate/Session/Middleware/StartSession->handle(Object(Illuminate/Http/Request), Object(Closure))
#26 D:/PROJECT RADIT/Toko_online-Laravel/vendor/laravel/framework/src/Illuminate/Cookie/Middleware/AddQueuedCookiesToResponse.php(37): Illuminate/Pipeline/Pipeline->{closure:{closure:Illuminate/Pipeline/Pipeline::carry():158}:159}(Object(Illuminate/Http/Request))
#27 D:/PROJECT RADIT/Toko_online-Laravel/vendor/laravel/framework/src/Illuminate/Pipeline/Pipeline.php(183): Illuminate/Cookie/Middleware/AddQueuedCookiesToResponse->handle(Object(Illuminate/Http/Request), Object(Closure))
#28 D:/PROJECT RADIT/Toko_online-Laravel/vendor/laravel/framework/src/Illuminate/Cookie/Middleware/EncryptCookies.php(67): Illuminate/Pipeline/Pipeline->{closure:{closure:Illuminate/Pipeline/Pipeline::carry():158}:159}(Object(Illuminate/Http/Request))
#29 D:/PROJECT RADIT/Toko_online-Laravel/vendor/laravel/framework/src/Illuminate/Pipeline/Pipeline.php(183): Illuminate/Cookie/Middleware/EncryptCookies->handle(Object(Illuminate/Http/Request), Object(Closure))
#30 D:/PROJECT RADIT/Toko_online-Laravel/vendor/laravel/framework/src/Illuminate/Pipeline/Pipeline.php(119): Illuminate/Pipeline/Pipeline->{closure:{closure:Illuminate/Pipeline/Pipeline::carry():158}:159}(Object(Illuminate/Http/Request))
#31 D:/PROJECT RADIT/Toko_online-Laravel/vendor/laravel/framework/src/Illuminate/Routing/Router.php(805): Illuminate/Pipeline/Pipeline->then(Object(Closure))
#32 D:/PROJECT RADIT/Toko_online-Laravel/vendor/laravel/framework/src/Illuminate/Routing/Router.php(784): Illuminate/Routing/Router->runRouteWithinStack(Object(Illuminate/Routing/Route), Object(Illuminate/Http/Request))
#33 D:/PROJECT RADIT/Toko_online-Laravel/vendor/laravel/framework/src/Illuminate/Routing/Router.php(748): Illuminate/Routing/Router->runRoute(Object(Illuminate/Http/Request), Object(Illuminate/Routing/Route))
#34 D:/PROJECT RADIT/Toko_online-Laravel/vendor/laravel/framework/src/Illuminate/Routing/Router.php(737): Illuminate/Routing/Router->dispatchToRoute(Object(Illuminate/Http/Request))
#35 D:/PROJECT RADIT/Toko_online-Laravel/vendor/laravel/framework/src/Illuminate/Foundation/Http/Kernel.php(200): Illuminate/Routing/Router->dispatch(Object(Illuminate/Http/Request))
#36 D:/PROJECT RADIT/Toko_online-Laravel/vendor/laravel/framework/src/Illuminate/Pipeline/Pipeline.php(144): Illuminate/Foundation/Http/Kernel->{closure:Illuminate/Foundation/Http/Kernel::dispatchToRouter():197}(Object(Illuminate/Http/Request))
#37 D:/PROJECT RADIT/Toko_online-Laravel/vendor/laravel/framework/src/Illuminate/Foundation/Http/Middleware/TransformsRequest.php(21): Illuminate/Pipeline/Pipeline->{closure:Illuminate/Pipeline/Pipeline::prepareDestination():142}(Object(Illuminate/Http/Request))
#38 D:/PROJECT RADIT/Toko_online-Laravel/vendor/laravel/framework/src/Illuminate/Foundation/Http/Middleware/ConvertEmptyStringsToNull.php(31): Illuminate/Foundation/Http/Middleware/TransformsRequest->handle(Object(Illuminate/Http/Request), Object(Closure))
#39 D:/PROJECT RADIT/Toko_online-Laravel/vendor/laravel/framework/src/Illuminate/Pipeline/Pipeline.php(183): Illuminate/Foundation/Http/Middleware/ConvertEmptyStringsToNull->handle(Object(Illuminate/Http/Request), Object(Closure))
#40 D:/PROJECT RADIT/Toko_online-Laravel/vendor/laravel/framework/src/Illuminate/Foundation/Http/Middleware/TransformsRequest.php(21): Illuminate/Pipeline/Pipeline->{closure:{closure:Illuminate/Pipeline/Pipeline::carry():158}:159}(Object(Illuminate/Http/Request))
#41 D:/PROJECT RADIT/Toko_online-Laravel/vendor/laravel/framework/src/Illuminate/Foundation/Http/Middleware/TrimStrings.php(40): Illuminate/Foundation/Http/Middleware/TransformsRequest->handle(Object(Illuminate/Http/Request), Object(Closure))
#42 D:/PROJECT RADIT/Toko_online-Laravel/vendor/laravel/framework/src/Illuminate/Pipeline/Pipeline.php(183): Illuminate/Foundation/Http/Middleware/TrimStrings->handle(Object(Illuminate/Http/Request), Object(Closure))
#43 D:/PROJECT RADIT/Toko_online-Laravel/vendor/laravel/framework/src/Illuminate/Foundation/Http/Middleware/ValidatePostSize.php(27): Illuminate/Pipeline/Pipeline->{closure:{closure:Illuminate/Pipeline/Pipeline::carry():158}:159}(Object(Illuminate/Http/Request))
#44 D:/PROJECT RADIT/Toko_online-Laravel/vendor/laravel/framework/src/Illuminate/Pipeline/Pipeline.php(183): Illuminate/Foundation/Http/Middleware/ValidatePostSize->handle(Object(Illuminate/Http/Request), Object(Closure))
#45 D:/PROJECT RADIT/Toko_online-Laravel/vendor/laravel/framework/src/Illuminate/Foundation/Http/Middleware/PreventRequestsDuringMaintenance.php(99): Illuminate/Pipeline/Pipeline->{closure:{closure:Illuminate/Pipeline/Pipeline::carry():158}:159}(Object(Illuminate/Http/Request))
#46 D:/PROJECT RADIT/Toko_online-Laravel/vendor/laravel/framework/src/Illuminate/Pipeline/Pipeline.php(183): Illuminate/Foundation/Http/Middleware/PreventRequestsDuringMaintenance->handle(Object(Illuminate/Http/Request), Object(Closure))
#47 D:/PROJECT RADIT/Toko_online-Laravel/vendor/laravel/framework/src/Illuminate/Http/Middleware/HandleCors.php(49): Illuminate/Pipeline/Pipeline->{closure:{closure:Illuminate/Pipeline/Pipeline::carry():158}:159}(Object(Illuminate/Http/Request))
#48 D:/PROJECT RADIT/Toko_online-Laravel/vendor/laravel/framework/src/Illuminate/Pipeline/Pipeline.php(183): Illuminate/Http/Middleware/HandleCors->handle(Object(Illuminate/Http/Request), Object(Closure))
#49 D:/PROJECT RADIT/Toko_online-Laravel/vendor/laravel/framework/src/Illuminate/Http/Middleware/TrustProxies.php(39): Illuminate/Pipeline/Pipeline->{closure:{closure:Illuminate/Pipeline/Pipeline::carry():158}:159}(Object(Illuminate/Http/Request))
#50 D:/PROJECT RADIT/Toko_online-Laravel/vendor/laravel/framework/src/Illuminate/Pipeline/Pipeline.php(183): Illuminate/Http/Middleware/TrustProxies->handle(Object(Illuminate/Http/Request), Object(Closure))
#51 D:/PROJECT RADIT/Toko_online-Laravel/vendor/laravel/framework/src/Illuminate/Pipeline/Pipeline.php(119): Illuminate/Pipeline/Pipeline->{closure:{closure:Illuminate/Pipeline/Pipeline::carry():158}:159}(Object(Illuminate/Http/Request))
#52 D:/PROJECT RADIT/Toko_online-Laravel/vendor/laravel/framework/src/Illuminate/Foundation/Http/Kernel.php(175): Illuminate/Pipeline/Pipeline->then(Object(Closure))
#53 D:/PROJECT RADIT/Toko_online-Laravel/vendor/laravel/framework/src/Illuminate/Foundation/Http/Kernel.php(144): Illuminate/Foundation/Http/Kernel->sendRequestThroughRouter(Object(Illuminate/Http/Request))
#54 D:/PROJECT RADIT/Toko_online-Laravel/public/index.php(51): Illuminate/Foundation/Http/Kernel->handle(Object(Illuminate/Http/Request))
#55 D:/PROJECT RADIT/Toko_online-Laravel/vendor/laravel/framework/src/Illuminate/Foundation/resources/server.php(16): require_once('D://PROJECT RADI...')
#56 {main}
"} 
[2026-06-23 11:06:29] local.ERROR: imagepng(D:\PROJECT RADIT\Toko_online-Laravel\public\storage/img-produk//20260623110629_6a3a06450aebe.png): Failed to open stream: No such file or directory {"userId":1,"exception":"[object] (ErrorException(code: 0): imagepng(D:\\PROJECT RADIT\\Toko_online-Laravel\\public\\storage/img-produk//20260623110629_6a3a06450aebe.png): Failed to open stream: No such file or directory at D:/PROJECT RADIT/Toko_online-Laravel/app/Helpers/ImageHelper.php:64)
[stacktrace]
#0 D:/PROJECT RADIT/Toko_online-Laravel/vendor/laravel/framework/src/Illuminate/Foundation/Bootstrap/HandleExceptions.php(255): Illuminate/Foundation/Bootstrap/HandleExceptions->handleError(2, 'imagepng(D://PRO...', 'D://PROJECT RADI...', 64)
#1 [internal function]: Illuminate/Foundation/Bootstrap/HandleExceptions->{closure:Illuminate/Foundation/Bootstrap/HandleExceptions::forwardsTo():254}(2, 'imagepng(D://PRO...', 'D://PROJECT RADI...', 64)
#2 D:/PROJECT RADIT/Toko_online-Laravel/app/Helpers/ImageHelper.php(64): imagepng(Object(GdImage), 'D://PROJECT RADI...')
#3 D:/PROJECT RADIT/Toko_online-Laravel/app/Http/Controllers/ProdukController.php(163): App/Helpers/ImageHelper::uploadAndResize(Object(Illuminate/Http/UploadedFile), 'storage/img-pro...', '20260623110629_...')
#4 D:/PROJECT RADIT/Toko_online-Laravel/vendor/laravel/framework/src/Illuminate/Routing/Controller.php(54): App/Http/Controllers/ProdukController->update(Object(Illuminate/Http/Request), '1')
#5 D:/PROJECT RADIT/Toko_online-Laravel/vendor/laravel/framework/src/Illuminate/Routing/ControllerDispatcher.php(43): Illuminate/Routing/Controller->callAction('update', Array)
#6 D:/PROJECT RADIT/Toko_online-Laravel/vendor/laravel/framework/src/Illuminate/Routing/Route.php(259): Illuminate/Routing/ControllerDispatcher->dispatch(Object(Illuminate/Routing/Route), Object(App/Http/Controllers/ProdukController), 'update')
#7 D:/PROJECT RADIT/Toko_online-Laravel/vendor/laravel/framework/src/Illuminate/Routing/Route.php(205): Illuminate/Routing/Route->runController()
#8 D:/PROJECT RADIT/Toko_online-Laravel/vendor/laravel/framework/src/Illuminate/Routing/Router.php(806): Illuminate/Routing/Route->run()
#9 D:/PROJECT RADIT/Toko_online-Laravel/vendor/laravel/framework/src/Illuminate/Pipeline/Pipeline.php(144): Illuminate/Routing/Router->{closure:Illuminate/Routing/Router::runRouteWithinStack():805}(Object(Illuminate/Http/Request))
#10 D:/PROJECT RADIT/Toko_online-Laravel/vendor/laravel/framework/src/Illuminate/Routing/Middleware/SubstituteBindings.php(50): Illuminate/Pipeline/Pipeline->{closure:Illuminate/Pipeline/Pipeline::prepareDestination():142}(Object(Illuminate/Http/Request))
#11 D:/PROJECT RADIT/Toko_online-Laravel/vendor/laravel/framework/src/Illuminate/Pipeline/Pipeline.php(183): Illuminate/Routing/Middleware/SubstituteBindings->handle(Object(Illuminate/Http/Request), Object(Closure))
#12 D:/PROJECT RADIT/Toko_online-Laravel/vendor/laravel/framework/src/Illuminate/Auth/Middleware/Authenticate.php(57): Illuminate/Pipeline/Pipeline->{closure:{closure:Illuminate/Pipeline/Pipeline::carry():158}:159}(Object(Illuminate/Http/Request))
#13 D:/PROJECT RADIT/Toko_online-Laravel/vendor/laravel/framework/src/Illuminate/Pipeline/Pipeline.php(183): Illuminate/Auth/Middleware/Authenticate->handle(Object(Illuminate/Http/Request), Object(Closure))
#14 D:/PROJECT RADIT/Toko_online-Laravel/vendor/laravel/framework/src/Illuminate/Foundation/Http/Middleware/VerifyCsrfToken.php(78): Illuminate/Pipeline/Pipeline->{closure:{closure:Illuminate/Pipeline/Pipeline::carry():158}:159}(Object(Illuminate/Http/Request))
#15 D:/PROJECT RADIT/Toko_online-Laravel/vendor/laravel/framework/src/Illuminate/Pipeline/Pipeline.php(183): Illuminate/Foundation/Http/Middleware/VerifyCsrfToken->handle(Object(Illuminate/Http/Request), Object(Closure))
#16 D:/PROJECT RADIT/Toko_online-Laravel/vendor/laravel/framework/src/Illuminate/View/Middleware/ShareErrorsFromSession.php(49): Illuminate/Pipeline/Pipeline->{closure:{closure:Illuminate/Pipeline/Pipeline::carry():158}:159}(Object(Illuminate/Http/Request))
#17 D:/PROJECT RADIT/Toko_online-Laravel/vendor/laravel/framework/src/Illuminate/Pipeline/Pipeline.php(183): Illuminate/View/Middleware/ShareErrorsFromSession->handle(Object(Illuminate/Http/Request), Object(Closure))
#18 D:/PROJECT RADIT/Toko_online-Laravel/vendor/laravel/framework/src/Illuminate/Session/Middleware/StartSession.php(121): Illuminate/Pipeline/Pipeline->{closure:{closure:Illuminate/Pipeline/Pipeline::carry():158}:159}(Object(Illuminate/Http/Request))
#19 D:/PROJECT RADIT/Toko_online-Laravel/vendor/laravel/framework/src/Illuminate/Session/Middleware/StartSession.php(64): Illuminate/Session/Middleware/StartSession->handleStatefulRequest(Object(Illuminate/Http/Request), Object(Illuminate/Session/Store), Object(Closure))
#20 D:/PROJECT RADIT/Toko_online-Laravel/vendor/laravel/framework/src/Illuminate/Pipeline/Pipeline.php(183): Illuminate/Session/Middleware/StartSession->handle(Object(Illuminate/Http/Request), Object(Closure))
#21 D:/PROJECT RADIT/Toko_online-Laravel/vendor/laravel/framework/src/Illuminate/Cookie/Middleware/AddQueuedCookiesToResponse.php(37): Illuminate/Pipeline/Pipeline->{closure:{closure:Illuminate/Pipeline/Pipeline::carry():158}:159}(Object(Illuminate/Http/Request))
#22 D:/PROJECT RADIT/Toko_online-Laravel/vendor/laravel/framework/src/Illuminate/Pipeline/Pipeline.php(183): Illuminate/Cookie/Middleware/AddQueuedCookiesToResponse->handle(Object(Illuminate/Http/Request), Object(Closure))
#23 D:/PROJECT RADIT/Toko_online-Laravel/vendor/laravel/framework/src/Illuminate/Cookie/Middleware/EncryptCookies.php(67): Illuminate/Pipeline/Pipeline->{closure:{closure:Illuminate/Pipeline/Pipeline::carry():158}:159}(Object(Illuminate/Http/Request))
#24 D:/PROJECT RADIT/Toko_online-Laravel/vendor/laravel/framework/src/Illuminate/Pipeline/Pipeline.php(183): Illuminate/Cookie/Middleware/EncryptCookies->handle(Object(Illuminate/Http/Request), Object(Closure))
#25 D:/PROJECT RADIT/Toko_online-Laravel/vendor/laravel/framework/src/Illuminate/Pipeline/Pipeline.php(119): Illuminate/Pipeline/Pipeline->{closure:{closure:Illuminate/Pipeline/Pipeline::carry():158}:159}(Object(Illuminate/Http/Request))
#26 D:/PROJECT RADIT/Toko_online-Laravel/vendor/laravel/framework/src/Illuminate/Routing/Router.php(805): Illuminate/Pipeline/Pipeline->then(Object(Closure))
#27 D:/PROJECT RADIT/Toko_online-Laravel/vendor/laravel/framework/src/Illuminate/Routing/Router.php(784): Illuminate/Routing/Router->runRouteWithinStack(Object(Illuminate/Routing/Route), Object(Illuminate/Http/Request))
#28 D:/PROJECT RADIT/Toko_online-Laravel/vendor/laravel/framework/src/Illuminate/Routing/Router.php(748): Illuminate/Routing/Router->runRoute(Object(Illuminate/Http/Request), Object(Illuminate/Routing/Route))
#29 D:/PROJECT RADIT/Toko_online-Laravel/vendor/laravel/framework/src/Illuminate/Routing/Router.php(737): Illuminate/Routing/Router->dispatchToRoute(Object(Illuminate/Http/Request))
#30 D:/PROJECT RADIT/Toko_online-Laravel/vendor/laravel/framework/src/Illuminate/Foundation/Http/Kernel.php(200): Illuminate/Routing/Router->dispatch(Object(Illuminate/Http/Request))
#31 D:/PROJECT RADIT/Toko_online-Laravel/vendor/laravel/framework/src/Illuminate/Pipeline/Pipeline.php(144): Illuminate/Foundation/Http/Kernel->{closure:Illuminate/Foundation/Http/Kernel::dispatchToRouter():197}(Object(Illuminate/Http/Request))
#32 D:/PROJECT RADIT/Toko_online-Laravel/vendor/laravel/framework/src/Illuminate/Foundation/Http/Middleware/TransformsRequest.php(21): Illuminate/Pipeline/Pipeline->{closure:Illuminate/Pipeline/Pipeline::prepareDestination():142}(Object(Illuminate/Http/Request))
#33 D:/PROJECT RADIT/Toko_online-Laravel/vendor/laravel/framework/src/Illuminate/Foundation/Http/Middleware/ConvertEmptyStringsToNull.php(31): Illuminate/Foundation/Http/Middleware/TransformsRequest->handle(Object(Illuminate/Http/Request), Object(Closure))
#34 D:/PROJECT RADIT/Toko_online-Laravel/vendor/laravel/framework/src/Illuminate/Pipeline/Pipeline.php(183): Illuminate/Foundation/Http/Middleware/ConvertEmptyStringsToNull->handle(Object(Illuminate/Http/Request), Object(Closure))
#35 D:/PROJECT RADIT/Toko_online-Laravel/vendor/laravel/framework/src/Illuminate/Foundation/Http/Middleware/TransformsRequest.php(21): Illuminate/Pipeline/Pipeline->{closure:{closure:Illuminate/Pipeline/Pipeline::carry():158}:159}(Object(Illuminate/Http/Request))
#36 D:/PROJECT RADIT/Toko_online-Laravel/vendor/laravel/framework/src/Illuminate/Foundation/Http/Middleware/TrimStrings.php(40): Illuminate/Foundation/Http/Middleware/TransformsRequest->handle(Object(Illuminate/Http/Request), Object(Closure))
#37 D:/PROJECT RADIT/Toko_online-Laravel/vendor/laravel/framework/src/Illuminate/Pipeline/Pipeline.php(183): Illuminate/Foundation/Http/Middleware/TrimStrings->handle(Object(Illuminate/Http/Request), Object(Closure))
#38 D:/PROJECT RADIT/Toko_online-Laravel/vendor/laravel/framework/src/Illuminate/Foundation/Http/Middleware/ValidatePostSize.php(27): Illuminate/Pipeline/Pipeline->{closure:{closure:Illuminate/Pipeline/Pipeline::carry():158}:159}(Object(Illuminate/Http/Request))
#39 D:/PROJECT RADIT/Toko_online-Laravel/vendor/laravel/framework/src/Illuminate/Pipeline/Pipeline.php(183): Illuminate/Foundation/Http/Middleware/ValidatePostSize->handle(Object(Illuminate/Http/Request), Object(Closure))
#40 D:/PROJECT RADIT/Toko_online-Laravel/vendor/laravel/framework/src/Illuminate/Foundation/Http/Middleware/PreventRequestsDuringMaintenance.php(99): Illuminate/Pipeline/Pipeline->{closure:{closure:Illuminate/Pipeline/Pipeline::carry():158}:159}(Object(Illuminate/Http/Request))
#41 D:/PROJECT RADIT/Toko_online-Laravel/vendor/laravel/framework/src/Illuminate/Pipeline/Pipeline.php(183): Illuminate/Foundation/Http/Middleware/PreventRequestsDuringMaintenance->handle(Object(Illuminate/Http/Request), Object(Closure))
#42 D:/PROJECT RADIT/Toko_online-Laravel/vendor/laravel/framework/src/Illuminate/Http/Middleware/HandleCors.php(49): Illuminate/Pipeline/Pipeline->{closure:{closure:Illuminate/Pipeline/Pipeline::carry():158}:159}(Object(Illuminate/Http/Request))
#43 D:/PROJECT RADIT/Toko_online-Laravel/vendor/laravel/framework/src/Illuminate/Pipeline/Pipeline.php(183): Illuminate/Http/Middleware/HandleCors->handle(Object(Illuminate/Http/Request), Object(Closure))
#44 D:/PROJECT RADIT/Toko_online-Laravel/vendor/laravel/framework/src/Illuminate/Http/Middleware/TrustProxies.php(39): Illuminate/Pipeline/Pipeline->{closure:{closure:Illuminate/Pipeline/Pipeline::carry():158}:159}(Object(Illuminate/Http/Request))
#45 D:/PROJECT RADIT/Toko_online-Laravel/vendor/laravel/framework/src/Illuminate/Pipeline/Pipeline.php(183): Illuminate/Http/Middleware/TrustProxies->handle(Object(Illuminate/Http/Request), Object(Closure))
#46 D:/PROJECT RADIT/Toko_online-Laravel/vendor/laravel/framework/src/Illuminate/Pipeline/Pipeline.php(119): Illuminate/Pipeline/Pipeline->{closure:{closure:Illuminate/Pipeline/Pipeline::carry():158}:159}(Object(Illuminate/Http/Request))
#47 D:/PROJECT RADIT/Toko_online-Laravel/vendor/laravel/framework/src/Illuminate/Foundation/Http/Kernel.php(175): Illuminate/Pipeline/Pipeline->then(Object(Closure))
#48 D:/PROJECT RADIT/Toko_online-Laravel/vendor/laravel/framework/src/Illuminate/Foundation/Http/Kernel.php(144): Illuminate/Foundation/Http/Kernel->sendRequestThroughRouter(Object(Illuminate/Http/Request))
#49 D:/PROJECT RADIT/Toko_online-Laravel/public/index.php(51): Illuminate/Foundation/Http/Kernel->handle(Object(Illuminate/Http/Request))
#50 D:/PROJECT RADIT/Toko_online-Laravel/vendor/laravel/framework/src/Illuminate/Foundation/resources/server.php(16): require_once('D://PROJECT RADI...')
#51 {main}
"} 
[2026-06-23 11:08:14] local.ERROR: imagepng(D:\PROJECT RADIT\Toko_online-Laravel\public\storage/img-produk//20260623110814_6a3a06aed641d.png): Failed to open stream: No such file or directory {"userId":1,"exception":"[object] (ErrorException(code: 0): imagepng(D:\\PROJECT RADIT\\Toko_online-Laravel\\public\\storage/img-produk//20260623110814_6a3a06aed641d.png): Failed to open stream: No such file or directory at D:/PROJECT RADIT/Toko_online-Laravel/app/Helpers/ImageHelper.php:64)
[stacktrace]
#0 D:/PROJECT RADIT/Toko_online-Laravel/vendor/laravel/framework/src/Illuminate/Foundation/Bootstrap/HandleExceptions.php(255): Illuminate/Foundation/Bootstrap/HandleExceptions->handleError(2, 'imagepng(D://PRO...', 'D://PROJECT RADI...', 64)
#1 [internal function]: Illuminate/Foundation/Bootstrap/HandleExceptions->{closure:Illuminate/Foundation/Bootstrap/HandleExceptions::forwardsTo():254}(2, 'imagepng(D://PRO...', 'D://PROJECT RADI...', 64)
#2 D:/PROJECT RADIT/Toko_online-Laravel/app/Helpers/ImageHelper.php(64): imagepng(Object(GdImage), 'D://PROJECT RADI...')
#3 D:/PROJECT RADIT/Toko_online-Laravel/app/Http/Controllers/ProdukController.php(163): App/Helpers/ImageHelper::uploadAndResize(Object(Illuminate/Http/UploadedFile), 'storage/img-pro...', '20260623110814_...')
#4 D:/PROJECT RADIT/Toko_online-Laravel/vendor/laravel/framework/src/Illuminate/Routing/Controller.php(54): App/Http/Controllers/ProdukController->update(Object(Illuminate/Http/Request), '1')
#5 D:/PROJECT RADIT/Toko_online-Laravel/vendor/laravel/framework/src/Illuminate/Routing/ControllerDispatcher.php(43): Illuminate/Routing/Controller->callAction('update', Array)
#6 D:/PROJECT RADIT/Toko_online-Laravel/vendor/laravel/framework/src/Illuminate/Routing/Route.php(259): Illuminate/Routing/ControllerDispatcher->dispatch(Object(Illuminate/Routing/Route), Object(App/Http/Controllers/ProdukController), 'update')
#7 D:/PROJECT RADIT/Toko_online-Laravel/vendor/laravel/framework/src/Illuminate/Routing/Route.php(205): Illuminate/Routing/Route->runController()
#8 D:/PROJECT RADIT/Toko_online-Laravel/vendor/laravel/framework/src/Illuminate/Routing/Router.php(806): Illuminate/Routing/Route->run()
#9 D:/PROJECT RADIT/Toko_online-Laravel/vendor/laravel/framework/src/Illuminate/Pipeline/Pipeline.php(144): Illuminate/Routing/Router->{closure:Illuminate/Routing/Router::runRouteWithinStack():805}(Object(Illuminate/Http/Request))
#10 D:/PROJECT RADIT/Toko_online-Laravel/vendor/laravel/framework/src/Illuminate/Routing/Middleware/SubstituteBindings.php(50): Illuminate/Pipeline/Pipeline->{closure:Illuminate/Pipeline/Pipeline::prepareDestination():142}(Object(Illuminate/Http/Request))
#11 D:/PROJECT RADIT/Toko_online-Laravel/vendor/laravel/framework/src/Illuminate/Pipeline/Pipeline.php(183): Illuminate/Routing/Middleware/SubstituteBindings->handle(Object(Illuminate/Http/Request), Object(Closure))
#12 D:/PROJECT RADIT/Toko_online-Laravel/vendor/laravel/framework/src/Illuminate/Auth/Middleware/Authenticate.php(57): Illuminate/Pipeline/Pipeline->{closure:{closure:Illuminate/Pipeline/Pipeline::carry():158}:159}(Object(Illuminate/Http/Request))
#13 D:/PROJECT RADIT/Toko_online-Laravel/vendor/laravel/framework/src/Illuminate/Pipeline/Pipeline.php(183): Illuminate/Auth/Middleware/Authenticate->handle(Object(Illuminate/Http/Request), Object(Closure))
#14 D:/PROJECT RADIT/Toko_online-Laravel/vendor/laravel/framework/src/Illuminate/Foundation/Http/Middleware/VerifyCsrfToken.php(78): Illuminate/Pipeline/Pipeline->{closure:{closure:Illuminate/Pipeline/Pipeline::carry():158}:159}(Object(Illuminate/Http/Request))
#15 D:/PROJECT RADIT/Toko_online-Laravel/vendor/laravel/framework/src/Illuminate/Pipeline/Pipeline.php(183): Illuminate/Foundation/Http/Middleware/VerifyCsrfToken->handle(Object(Illuminate/Http/Request), Object(Closure))
#16 D:/PROJECT RADIT/Toko_online-Laravel/vendor/laravel/framework/src/Illuminate/View/Middleware/ShareErrorsFromSession.php(49): Illuminate/Pipeline/Pipeline->{closure:{closure:Illuminate/Pipeline/Pipeline::carry():158}:159}(Object(Illuminate/Http/Request))
#17 D:/PROJECT RADIT/Toko_online-Laravel/vendor/laravel/framework/src/Illuminate/Pipeline/Pipeline.php(183): Illuminate/View/Middleware/ShareErrorsFromSession->handle(Object(Illuminate/Http/Request), Object(Closure))
#18 D:/PROJECT RADIT/Toko_online-Laravel/vendor/laravel/framework/src/Illuminate/Session/Middleware/StartSession.php(121): Illuminate/Pipeline/Pipeline->{closure:{closure:Illuminate/Pipeline/Pipeline::carry():158}:159}(Object(Illuminate/Http/Request))
#19 D:/PROJECT RADIT/Toko_online-Laravel/vendor/laravel/framework/src/Illuminate/Session/Middleware/StartSession.php(64): Illuminate/Session/Middleware/StartSession->handleStatefulRequest(Object(Illuminate/Http/Request), Object(Illuminate/Session/Store), Object(Closure))
#20 D:/PROJECT RADIT/Toko_online-Laravel/vendor/laravel/framework/src/Illuminate/Pipeline/Pipeline.php(183): Illuminate/Session/Middleware/StartSession->handle(Object(Illuminate/Http/Request), Object(Closure))
#21 D:/PROJECT RADIT/Toko_online-Laravel/vendor/laravel/framework/src/Illuminate/Cookie/Middleware/AddQueuedCookiesToResponse.php(37): Illuminate/Pipeline/Pipeline->{closure:{closure:Illuminate/Pipeline/Pipeline::carry():158}:159}(Object(Illuminate/Http/Request))
#22 D:/PROJECT RADIT/Toko_online-Laravel/vendor/laravel/framework/src/Illuminate/Pipeline/Pipeline.php(183): Illuminate/Cookie/Middleware/AddQueuedCookiesToResponse->handle(Object(Illuminate/Http/Request), Object(Closure))
#23 D:/PROJECT RADIT/Toko_online-Laravel/vendor/laravel/framework/src/Illuminate/Cookie/Middleware/EncryptCookies.php(67): Illuminate/Pipeline/Pipeline->{closure:{closure:Illuminate/Pipeline/Pipeline::carry():158}:159}(Object(Illuminate/Http/Request))
#24 D:/PROJECT RADIT/Toko_online-Laravel/vendor/laravel/framework/src/Illuminate/Pipeline/Pipeline.php(183): Illuminate/Cookie/Middleware/EncryptCookies->handle(Object(Illuminate/Http/Request), Object(Closure))
#25 D:/PROJECT RADIT/Toko_online-Laravel/vendor/laravel/framework/src/Illuminate/Pipeline/Pipeline.php(119): Illuminate/Pipeline/Pipeline->{closure:{closure:Illuminate/Pipeline/Pipeline::carry():158}:159}(Object(Illuminate/Http/Request))
#26 D:/PROJECT RADIT/Toko_online-Laravel/vendor/laravel/framework/src/Illuminate/Routing/Router.php(805): Illuminate/Pipeline/Pipeline->then(Object(Closure))
#27 D:/PROJECT RADIT/Toko_online-Laravel/vendor/laravel/framework/src/Illuminate/Routing/Router.php(784): Illuminate/Routing/Router->runRouteWithinStack(Object(Illuminate/Routing/Route), Object(Illuminate/Http/Request))
#28 D:/PROJECT RADIT/Toko_online-Laravel/vendor/laravel/framework/src/Illuminate/Routing/Router.php(748): Illuminate/Routing/Router->runRoute(Object(Illuminate/Http/Request), Object(Illuminate/Routing/Route))
#29 D:/PROJECT RADIT/Toko_online-Laravel/vendor/laravel/framework/src/Illuminate/Routing/Router.php(737): Illuminate/Routing/Router->dispatchToRoute(Object(Illuminate/Http/Request))
#30 D:/PROJECT RADIT/Toko_online-Laravel/vendor/laravel/framework/src/Illuminate/Foundation/Http/Kernel.php(200): Illuminate/Routing/Router->dispatch(Object(Illuminate/Http/Request))
#31 D:/PROJECT RADIT/Toko_online-Laravel/vendor/laravel/framework/src/Illuminate/Pipeline/Pipeline.php(144): Illuminate/Foundation/Http/Kernel->{closure:Illuminate/Foundation/Http/Kernel::dispatchToRouter():197}(Object(Illuminate/Http/Request))
#32 D:/PROJECT RADIT/Toko_online-Laravel/vendor/laravel/framework/src/Illuminate/Foundation/Http/Middleware/TransformsRequest.php(21): Illuminate/Pipeline/Pipeline->{closure:Illuminate/Pipeline/Pipeline::prepareDestination():142}(Object(Illuminate/Http/Request))
#33 D:/PROJECT RADIT/Toko_online-Laravel/vendor/laravel/framework/src/Illuminate/Foundation/Http/Middleware/ConvertEmptyStringsToNull.php(31): Illuminate/Foundation/Http/Middleware/TransformsRequest->handle(Object(Illuminate/Http/Request), Object(Closure))
#34 D:/PROJECT RADIT/Toko_online-Laravel/vendor/laravel/framework/src/Illuminate/Pipeline/Pipeline.php(183): Illuminate/Foundation/Http/Middleware/ConvertEmptyStringsToNull->handle(Object(Illuminate/Http/Request), Object(Closure))
#35 D:/PROJECT RADIT/Toko_online-Laravel/vendor/laravel/framework/src/Illuminate/Foundation/Http/Middleware/TransformsRequest.php(21): Illuminate/Pipeline/Pipeline->{closure:{closure:Illuminate/Pipeline/Pipeline::carry():158}:159}(Object(Illuminate/Http/Request))
#36 D:/PROJECT RADIT/Toko_online-Laravel/vendor/laravel/framework/src/Illuminate/Foundation/Http/Middleware/TrimStrings.php(40): Illuminate/Foundation/Http/Middleware/TransformsRequest->handle(Object(Illuminate/Http/Request), Object(Closure))
#37 D:/PROJECT RADIT/Toko_online-Laravel/vendor/laravel/framework/src/Illuminate/Pipeline/Pipeline.php(183): Illuminate/Foundation/Http/Middleware/TrimStrings->handle(Object(Illuminate/Http/Request), Object(Closure))
#38 D:/PROJECT RADIT/Toko_online-Laravel/vendor/laravel/framework/src/Illuminate/Foundation/Http/Middleware/ValidatePostSize.php(27): Illuminate/Pipeline/Pipeline->{closure:{closure:Illuminate/Pipeline/Pipeline::carry():158}:159}(Object(Illuminate/Http/Request))
#39 D:/PROJECT RADIT/Toko_online-Laravel/vendor/laravel/framework/src/Illuminate/Pipeline/Pipeline.php(183): Illuminate/Foundation/Http/Middleware/ValidatePostSize->handle(Object(Illuminate/Http/Request), Object(Closure))
#40 D:/PROJECT RADIT/Toko_online-Laravel/vendor/laravel/framework/src/Illuminate/Foundation/Http/Middleware/PreventRequestsDuringMaintenance.php(99): Illuminate/Pipeline/Pipeline->{closure:{closure:Illuminate/Pipeline/Pipeline::carry():158}:159}(Object(Illuminate/Http/Request))
#41 D:/PROJECT RADIT/Toko_online-Laravel/vendor/laravel/framework/src/Illuminate/Pipeline/Pipeline.php(183): Illuminate/Foundation/Http/Middleware/PreventRequestsDuringMaintenance->handle(Object(Illuminate/Http/Request), Object(Closure))
#42 D:/PROJECT RADIT/Toko_online-Laravel/vendor/laravel/framework/src/Illuminate/Http/Middleware/HandleCors.php(49): Illuminate/Pipeline/Pipeline->{closure:{closure:Illuminate/Pipeline/Pipeline::carry():158}:159}(Object(Illuminate/Http/Request))
#43 D:/PROJECT RADIT/Toko_online-Laravel/vendor/laravel/framework/src/Illuminate/Pipeline/Pipeline.php(183): Illuminate/Http/Middleware/HandleCors->handle(Object(Illuminate/Http/Request), Object(Closure))
#44 D:/PROJECT RADIT/Toko_online-Laravel/vendor/laravel/framework/src/Illuminate/Http/Middleware/TrustProxies.php(39): Illuminate/Pipeline/Pipeline->{closure:{closure:Illuminate/Pipeline/Pipeline::carry():158}:159}(Object(Illuminate/Http/Request))
#45 D:/PROJECT RADIT/Toko_online-Laravel/vendor/laravel/framework/src/Illuminate/Pipeline/Pipeline.php(183): Illuminate/Http/Middleware/TrustProxies->handle(Object(Illuminate/Http/Request), Object(Closure))
#46 D:/PROJECT RADIT/Toko_online-Laravel/vendor/laravel/framework/src/Illuminate/Pipeline/Pipeline.php(119): Illuminate/Pipeline/Pipeline->{closure:{closure:Illuminate/Pipeline/Pipeline::carry():158}:159}(Object(Illuminate/Http/Request))
#47 D:/PROJECT RADIT/Toko_online-Laravel/vendor/laravel/framework/src/Illuminate/Foundation/Http/Kernel.php(175): Illuminate/Pipeline/Pipeline->then(Object(Closure))
#48 D:/PROJECT RADIT/Toko_online-Laravel/vendor/laravel/framework/src/Illuminate/Foundation/Http/Kernel.php(144): Illuminate/Foundation/Http/Kernel->sendRequestThroughRouter(Object(Illuminate/Http/Request))
#49 D:/PROJECT RADIT/Toko_online-Laravel/public/index.php(51): Illuminate/Foundation/Http/Kernel->handle(Object(Illuminate/Http/Request))
#50 D:/PROJECT RADIT/Toko_online-Laravel/vendor/laravel/framework/src/Illuminate/Foundation/resources/server.php(16): require_once('D://PROJECT RADI...')
#51 {main}
"} 
[2026-06-23 11:08:42] local.ERROR: imagepng(D:\PROJECT RADIT\Toko_online-Laravel\public\storage/img-produk//20260623110842_6a3a06ca28deb.png): Failed to open stream: No such file or directory {"userId":1,"exception":"[object] (ErrorException(code: 0): imagepng(D:\\PROJECT RADIT\\Toko_online-Laravel\\public\\storage/img-produk//20260623110842_6a3a06ca28deb.png): Failed to open stream: No such file or directory at D:/PROJECT RADIT/Toko_online-Laravel/app/Helpers/ImageHelper.php:64)
[stacktrace]
#0 D:/PROJECT RADIT/Toko_online-Laravel/vendor/laravel/framework/src/Illuminate/Foundation/Bootstrap/HandleExceptions.php(255): Illuminate/Foundation/Bootstrap/HandleExceptions->handleError(2, 'imagepng(D://PRO...', 'D://PROJECT RADI...', 64)
#1 [internal function]: Illuminate/Foundation/Bootstrap/HandleExceptions->{closure:Illuminate/Foundation/Bootstrap/HandleExceptions::forwardsTo():254}(2, 'imagepng(D://PRO...', 'D://PROJECT RADI...', 64)
#2 D:/PROJECT RADIT/Toko_online-Laravel/app/Helpers/ImageHelper.php(64): imagepng(Object(GdImage), 'D://PROJECT RADI...')
#3 D:/PROJECT RADIT/Toko_online-Laravel/app/Http/Controllers/ProdukController.php(163): App/Helpers/ImageHelper::uploadAndResize(Object(Illuminate/Http/UploadedFile), 'storage/img-pro...', '20260623110842_...')
#4 D:/PROJECT RADIT/Toko_online-Laravel/vendor/laravel/framework/src/Illuminate/Routing/Controller.php(54): App/Http/Controllers/ProdukController->update(Object(Illuminate/Http/Request), '1')
#5 D:/PROJECT RADIT/Toko_online-Laravel/vendor/laravel/framework/src/Illuminate/Routing/ControllerDispatcher.php(43): Illuminate/Routing/Controller->callAction('update', Array)
#6 D:/PROJECT RADIT/Toko_online-Laravel/vendor/laravel/framework/src/Illuminate/Routing/Route.php(259): Illuminate/Routing/ControllerDispatcher->dispatch(Object(Illuminate/Routing/Route), Object(App/Http/Controllers/ProdukController), 'update')
#7 D:/PROJECT RADIT/Toko_online-Laravel/vendor/laravel/framework/src/Illuminate/Routing/Route.php(205): Illuminate/Routing/Route->runController()
#8 D:/PROJECT RADIT/Toko_online-Laravel/vendor/laravel/framework/src/Illuminate/Routing/Router.php(806): Illuminate/Routing/Route->run()
#9 D:/PROJECT RADIT/Toko_online-Laravel/vendor/laravel/framework/src/Illuminate/Pipeline/Pipeline.php(144): Illuminate/Routing/Router->{closure:Illuminate/Routing/Router::runRouteWithinStack():805}(Object(Illuminate/Http/Request))
#10 D:/PROJECT RADIT/Toko_online-Laravel/vendor/laravel/framework/src/Illuminate/Routing/Middleware/SubstituteBindings.php(50): Illuminate/Pipeline/Pipeline->{closure:Illuminate/Pipeline/Pipeline::prepareDestination():142}(Object(Illuminate/Http/Request))
#11 D:/PROJECT RADIT/Toko_online-Laravel/vendor/laravel/framework/src/Illuminate/Pipeline/Pipeline.php(183): Illuminate/Routing/Middleware/SubstituteBindings->handle(Object(Illuminate/Http/Request), Object(Closure))
#12 D:/PROJECT RADIT/Toko_online-Laravel/vendor/laravel/framework/src/Illuminate/Auth/Middleware/Authenticate.php(57): Illuminate/Pipeline/Pipeline->{closure:{closure:Illuminate/Pipeline/Pipeline::carry():158}:159}(Object(Illuminate/Http/Request))
#13 D:/PROJECT RADIT/Toko_online-Laravel/vendor/laravel/framework/src/Illuminate/Pipeline/Pipeline.php(183): Illuminate/Auth/Middleware/Authenticate->handle(Object(Illuminate/Http/Request), Object(Closure))
#14 D:/PROJECT RADIT/Toko_online-Laravel/vendor/laravel/framework/src/Illuminate/Foundation/Http/Middleware/VerifyCsrfToken.php(78): Illuminate/Pipeline/Pipeline->{closure:{closure:Illuminate/Pipeline/Pipeline::carry():158}:159}(Object(Illuminate/Http/Request))
#15 D:/PROJECT RADIT/Toko_online-Laravel/vendor/laravel/framework/src/Illuminate/Pipeline/Pipeline.php(183): Illuminate/Foundation/Http/Middleware/VerifyCsrfToken->handle(Object(Illuminate/Http/Request), Object(Closure))
#16 D:/PROJECT RADIT/Toko_online-Laravel/vendor/laravel/framework/src/Illuminate/View/Middleware/ShareErrorsFromSession.php(49): Illuminate/Pipeline/Pipeline->{closure:{closure:Illuminate/Pipeline/Pipeline::carry():158}:159}(Object(Illuminate/Http/Request))
#17 D:/PROJECT RADIT/Toko_online-Laravel/vendor/laravel/framework/src/Illuminate/Pipeline/Pipeline.php(183): Illuminate/View/Middleware/ShareErrorsFromSession->handle(Object(Illuminate/Http/Request), Object(Closure))
#18 D:/PROJECT RADIT/Toko_online-Laravel/vendor/laravel/framework/src/Illuminate/Session/Middleware/StartSession.php(121): Illuminate/Pipeline/Pipeline->{closure:{closure:Illuminate/Pipeline/Pipeline::carry():158}:159}(Object(Illuminate/Http/Request))
#19 D:/PROJECT RADIT/Toko_online-Laravel/vendor/laravel/framework/src/Illuminate/Session/Middleware/StartSession.php(64): Illuminate/Session/Middleware/StartSession->handleStatefulRequest(Object(Illuminate/Http/Request), Object(Illuminate/Session/Store), Object(Closure))
#20 D:/PROJECT RADIT/Toko_online-Laravel/vendor/laravel/framework/src/Illuminate/Pipeline/Pipeline.php(183): Illuminate/Session/Middleware/StartSession->handle(Object(Illuminate/Http/Request), Object(Closure))
#21 D:/PROJECT RADIT/Toko_online-Laravel/vendor/laravel/framework/src/Illuminate/Cookie/Middleware/AddQueuedCookiesToResponse.php(37): Illuminate/Pipeline/Pipeline->{closure:{closure:Illuminate/Pipeline/Pipeline::carry():158}:159}(Object(Illuminate/Http/Request))
#22 D:/PROJECT RADIT/Toko_online-Laravel/vendor/laravel/framework/src/Illuminate/Pipeline/Pipeline.php(183): Illuminate/Cookie/Middleware/AddQueuedCookiesToResponse->handle(Object(Illuminate/Http/Request), Object(Closure))
#23 D:/PROJECT RADIT/Toko_online-Laravel/vendor/laravel/framework/src/Illuminate/Cookie/Middleware/EncryptCookies.php(67): Illuminate/Pipeline/Pipeline->{closure:{closure:Illuminate/Pipeline/Pipeline::carry():158}:159}(Object(Illuminate/Http/Request))
#24 D:/PROJECT RADIT/Toko_online-Laravel/vendor/laravel/framework/src/Illuminate/Pipeline/Pipeline.php(183): Illuminate/Cookie/Middleware/EncryptCookies->handle(Object(Illuminate/Http/Request), Object(Closure))
#25 D:/PROJECT RADIT/Toko_online-Laravel/vendor/laravel/framework/src/Illuminate/Pipeline/Pipeline.php(119): Illuminate/Pipeline/Pipeline->{closure:{closure:Illuminate/Pipeline/Pipeline::carry():158}:159}(Object(Illuminate/Http/Request))
#26 D:/PROJECT RADIT/Toko_online-Laravel/vendor/laravel/framework/src/Illuminate/Routing/Router.php(805): Illuminate/Pipeline/Pipeline->then(Object(Closure))
#27 D:/PROJECT RADIT/Toko_online-Laravel/vendor/laravel/framework/src/Illuminate/Routing/Router.php(784): Illuminate/Routing/Router->runRouteWithinStack(Object(Illuminate/Routing/Route), Object(Illuminate/Http/Request))
#28 D:/PROJECT RADIT/Toko_online-Laravel/vendor/laravel/framework/src/Illuminate/Routing/Router.php(748): Illuminate/Routing/Router->runRoute(Object(Illuminate/Http/Request), Object(Illuminate/Routing/Route))
#29 D:/PROJECT RADIT/Toko_online-Laravel/vendor/laravel/framework/src/Illuminate/Routing/Router.php(737): Illuminate/Routing/Router->dispatchToRoute(Object(Illuminate/Http/Request))
#30 D:/PROJECT RADIT/Toko_online-Laravel/vendor/laravel/framework/src/Illuminate/Foundation/Http/Kernel.php(200): Illuminate/Routing/Router->dispatch(Object(Illuminate/Http/Request))
#31 D:/PROJECT RADIT/Toko_online-Laravel/vendor/laravel/framework/src/Illuminate/Pipeline/Pipeline.php(144): Illuminate/Foundation/Http/Kernel->{closure:Illuminate/Foundation/Http/Kernel::dispatchToRouter():197}(Object(Illuminate/Http/Request))
#32 D:/PROJECT RADIT/Toko_online-Laravel/vendor/laravel/framework/src/Illuminate/Foundation/Http/Middleware/TransformsRequest.php(21): Illuminate/Pipeline/Pipeline->{closure:Illuminate/Pipeline/Pipeline::prepareDestination():142}(Object(Illuminate/Http/Request))
#33 D:/PROJECT RADIT/Toko_online-Laravel/vendor/laravel/framework/src/Illuminate/Foundation/Http/Middleware/ConvertEmptyStringsToNull.php(31): Illuminate/Foundation/Http/Middleware/TransformsRequest->handle(Object(Illuminate/Http/Request), Object(Closure))
#34 D:/PROJECT RADIT/Toko_online-Laravel/vendor/laravel/framework/src/Illuminate/Pipeline/Pipeline.php(183): Illuminate/Foundation/Http/Middleware/ConvertEmptyStringsToNull->handle(Object(Illuminate/Http/Request), Object(Closure))
#35 D:/PROJECT RADIT/Toko_online-Laravel/vendor/laravel/framework/src/Illuminate/Foundation/Http/Middleware/TransformsRequest.php(21): Illuminate/Pipeline/Pipeline->{closure:{closure:Illuminate/Pipeline/Pipeline::carry():158}:159}(Object(Illuminate/Http/Request))
#36 D:/PROJECT RADIT/Toko_online-Laravel/vendor/laravel/framework/src/Illuminate/Foundation/Http/Middleware/TrimStrings.php(40): Illuminate/Foundation/Http/Middleware/TransformsRequest->handle(Object(Illuminate/Http/Request), Object(Closure))
#37 D:/PROJECT RADIT/Toko_online-Laravel/vendor/laravel/framework/src/Illuminate/Pipeline/Pipeline.php(183): Illuminate/Foundation/Http/Middleware/TrimStrings->handle(Object(Illuminate/Http/Request), Object(Closure))
#38 D:/PROJECT RADIT/Toko_online-Laravel/vendor/laravel/framework/src/Illuminate/Foundation/Http/Middleware/ValidatePostSize.php(27): Illuminate/Pipeline/Pipeline->{closure:{closure:Illuminate/Pipeline/Pipeline::carry():158}:159}(Object(Illuminate/Http/Request))
#39 D:/PROJECT RADIT/Toko_online-Laravel/vendor/laravel/framework/src/Illuminate/Pipeline/Pipeline.php(183): Illuminate/Foundation/Http/Middleware/ValidatePostSize->handle(Object(Illuminate/Http/Request), Object(Closure))
#40 D:/PROJECT RADIT/Toko_online-Laravel/vendor/laravel/framework/src/Illuminate/Foundation/Http/Middleware/PreventRequestsDuringMaintenance.php(99): Illuminate/Pipeline/Pipeline->{closure:{closure:Illuminate/Pipeline/Pipeline::carry():158}:159}(Object(Illuminate/Http/Request))
#41 D:/PROJECT RADIT/Toko_online-Laravel/vendor/laravel/framework/src/Illuminate/Pipeline/Pipeline.php(183): Illuminate/Foundation/Http/Middleware/PreventRequestsDuringMaintenance->handle(Object(Illuminate/Http/Request), Object(Closure))
#42 D:/PROJECT RADIT/Toko_online-Laravel/vendor/laravel/framework/src/Illuminate/Http/Middleware/HandleCors.php(49): Illuminate/Pipeline/Pipeline->{closure:{closure:Illuminate/Pipeline/Pipeline::carry():158}:159}(Object(Illuminate/Http/Request))
#43 D:/PROJECT RADIT/Toko_online-Laravel/vendor/laravel/framework/src/Illuminate/Pipeline/Pipeline.php(183): Illuminate/Http/Middleware/HandleCors->handle(Object(Illuminate/Http/Request), Object(Closure))
#44 D:/PROJECT RADIT/Toko_online-Laravel/vendor/laravel/framework/src/Illuminate/Http/Middleware/TrustProxies.php(39): Illuminate/Pipeline/Pipeline->{closure:{closure:Illuminate/Pipeline/Pipeline::carry():158}:159}(Object(Illuminate/Http/Request))
#45 D:/PROJECT RADIT/Toko_online-Laravel/vendor/laravel/framework/src/Illuminate/Pipeline/Pipeline.php(183): Illuminate/Http/Middleware/TrustProxies->handle(Object(Illuminate/Http/Request), Object(Closure))
#46 D:/PROJECT RADIT/Toko_online-Laravel/vendor/laravel/framework/src/Illuminate/Pipeline/Pipeline.php(119): Illuminate/Pipeline/Pipeline->{closure:{closure:Illuminate/Pipeline/Pipeline::carry():158}:159}(Object(Illuminate/Http/Request))
#47 D:/PROJECT RADIT/Toko_online-Laravel/vendor/laravel/framework/src/Illuminate/Foundation/Http/Kernel.php(175): Illuminate/Pipeline/Pipeline->then(Object(Closure))
#48 D:/PROJECT RADIT/Toko_online-Laravel/vendor/laravel/framework/src/Illuminate/Foundation/Http/Kernel.php(144): Illuminate/Foundation/Http/Kernel->sendRequestThroughRouter(Object(Illuminate/Http/Request))
#49 D:/PROJECT RADIT/Toko_online-Laravel/public/index.php(51): Illuminate/Foundation/Http/Kernel->handle(Object(Illuminate/Http/Request))
#50 D:/PROJECT RADIT/Toko_online-Laravel/vendor/laravel/framework/src/Illuminate/Foundation/resources/server.php(16): require_once('D://PROJECT RADI...')
#51 {main}
"} 
[2026-06-23 11:08:50] local.ERROR: imagepng(D:\PROJECT RADIT\Toko_online-Laravel\public\storage/img-produk//20260623110850_6a3a06d2631ae.png): Failed to open stream: No such file or directory {"userId":1,"exception":"[object] (ErrorException(code: 0): imagepng(D:\\PROJECT RADIT\\Toko_online-Laravel\\public\\storage/img-produk//20260623110850_6a3a06d2631ae.png): Failed to open stream: No such file or directory at D:/PROJECT RADIT/Toko_online-Laravel/app/Helpers/ImageHelper.php:64)
[stacktrace]
#0 D:/PROJECT RADIT/Toko_online-Laravel/vendor/laravel/framework/src/Illuminate/Foundation/Bootstrap/HandleExceptions.php(255): Illuminate/Foundation/Bootstrap/HandleExceptions->handleError(2, 'imagepng(D://PRO...', 'D://PROJECT RADI...', 64)
#1 [internal function]: Illuminate/Foundation/Bootstrap/HandleExceptions->{closure:Illuminate/Foundation/Bootstrap/HandleExceptions::forwardsTo():254}(2, 'imagepng(D://PRO...', 'D://PROJECT RADI...', 64)
#2 D:/PROJECT RADIT/Toko_online-Laravel/app/Helpers/ImageHelper.php(64): imagepng(Object(GdImage), 'D://PROJECT RADI...')
#3 D:/PROJECT RADIT/Toko_online-Laravel/app/Http/Controllers/ProdukController.php(163): App/Helpers/ImageHelper::uploadAndResize(Object(Illuminate/Http/UploadedFile), 'storage/img-pro...', '20260623110850_...')
#4 D:/PROJECT RADIT/Toko_online-Laravel/vendor/laravel/framework/src/Illuminate/Routing/Controller.php(54): App/Http/Controllers/ProdukController->update(Object(Illuminate/Http/Request), '1')
#5 D:/PROJECT RADIT/Toko_online-Laravel/vendor/laravel/framework/src/Illuminate/Routing/ControllerDispatcher.php(43): Illuminate/Routing/Controller->callAction('update', Array)
#6 D:/PROJECT RADIT/Toko_online-Laravel/vendor/laravel/framework/src/Illuminate/Routing/Route.php(259): Illuminate/Routing/ControllerDispatcher->dispatch(Object(Illuminate/Routing/Route), Object(App/Http/Controllers/ProdukController), 'update')
#7 D:/PROJECT RADIT/Toko_online-Laravel/vendor/laravel/framework/src/Illuminate/Routing/Route.php(205): Illuminate/Routing/Route->runController()
#8 D:/PROJECT RADIT/Toko_online-Laravel/vendor/laravel/framework/src/Illuminate/Routing/Router.php(806): Illuminate/Routing/Route->run()
#9 D:/PROJECT RADIT/Toko_online-Laravel/vendor/laravel/framework/src/Illuminate/Pipeline/Pipeline.php(144): Illuminate/Routing/Router->{closure:Illuminate/Routing/Router::runRouteWithinStack():805}(Object(Illuminate/Http/Request))
#10 D:/PROJECT RADIT/Toko_online-Laravel/vendor/laravel/framework/src/Illuminate/Routing/Middleware/SubstituteBindings.php(50): Illuminate/Pipeline/Pipeline->{closure:Illuminate/Pipeline/Pipeline::prepareDestination():142}(Object(Illuminate/Http/Request))
#11 D:/PROJECT RADIT/Toko_online-Laravel/vendor/laravel/framework/src/Illuminate/Pipeline/Pipeline.php(183): Illuminate/Routing/Middleware/SubstituteBindings->handle(Object(Illuminate/Http/Request), Object(Closure))
#12 D:/PROJECT RADIT/Toko_online-Laravel/vendor/laravel/framework/src/Illuminate/Auth/Middleware/Authenticate.php(57): Illuminate/Pipeline/Pipeline->{closure:{closure:Illuminate/Pipeline/Pipeline::carry():158}:159}(Object(Illuminate/Http/Request))
#13 D:/PROJECT RADIT/Toko_online-Laravel/vendor/laravel/framework/src/Illuminate/Pipeline/Pipeline.php(183): Illuminate/Auth/Middleware/Authenticate->handle(Object(Illuminate/Http/Request), Object(Closure))
#14 D:/PROJECT RADIT/Toko_online-Laravel/vendor/laravel/framework/src/Illuminate/Foundation/Http/Middleware/VerifyCsrfToken.php(78): Illuminate/Pipeline/Pipeline->{closure:{closure:Illuminate/Pipeline/Pipeline::carry():158}:159}(Object(Illuminate/Http/Request))
#15 D:/PROJECT RADIT/Toko_online-Laravel/vendor/laravel/framework/src/Illuminate/Pipeline/Pipeline.php(183): Illuminate/Foundation/Http/Middleware/VerifyCsrfToken->handle(Object(Illuminate/Http/Request), Object(Closure))
#16 D:/PROJECT RADIT/Toko_online-Laravel/vendor/laravel/framework/src/Illuminate/View/Middleware/ShareErrorsFromSession.php(49): Illuminate/Pipeline/Pipeline->{closure:{closure:Illuminate/Pipeline/Pipeline::carry():158}:159}(Object(Illuminate/Http/Request))
#17 D:/PROJECT RADIT/Toko_online-Laravel/vendor/laravel/framework/src/Illuminate/Pipeline/Pipeline.php(183): Illuminate/View/Middleware/ShareErrorsFromSession->handle(Object(Illuminate/Http/Request), Object(Closure))
#18 D:/PROJECT RADIT/Toko_online-Laravel/vendor/laravel/framework/src/Illuminate/Session/Middleware/StartSession.php(121): Illuminate/Pipeline/Pipeline->{closure:{closure:Illuminate/Pipeline/Pipeline::carry():158}:159}(Object(Illuminate/Http/Request))
#19 D:/PROJECT RADIT/Toko_online-Laravel/vendor/laravel/framework/src/Illuminate/Session/Middleware/StartSession.php(64): Illuminate/Session/Middleware/StartSession->handleStatefulRequest(Object(Illuminate/Http/Request), Object(Illuminate/Session/Store), Object(Closure))
#20 D:/PROJECT RADIT/Toko_online-Laravel/vendor/laravel/framework/src/Illuminate/Pipeline/Pipeline.php(183): Illuminate/Session/Middleware/StartSession->handle(Object(Illuminate/Http/Request), Object(Closure))
#21 D:/PROJECT RADIT/Toko_online-Laravel/vendor/laravel/framework/src/Illuminate/Cookie/Middleware/AddQueuedCookiesToResponse.php(37): Illuminate/Pipeline/Pipeline->{closure:{closure:Illuminate/Pipeline/Pipeline::carry():158}:159}(Object(Illuminate/Http/Request))
#22 D:/PROJECT RADIT/Toko_online-Laravel/vendor/laravel/framework/src/Illuminate/Pipeline/Pipeline.php(183): Illuminate/Cookie/Middleware/AddQueuedCookiesToResponse->handle(Object(Illuminate/Http/Request), Object(Closure))
#23 D:/PROJECT RADIT/Toko_online-Laravel/vendor/laravel/framework/src/Illuminate/Cookie/Middleware/EncryptCookies.php(67): Illuminate/Pipeline/Pipeline->{closure:{closure:Illuminate/Pipeline/Pipeline::carry():158}:159}(Object(Illuminate/Http/Request))
#24 D:/PROJECT RADIT/Toko_online-Laravel/vendor/laravel/framework/src/Illuminate/Pipeline/Pipeline.php(183): Illuminate/Cookie/Middleware/EncryptCookies->handle(Object(Illuminate/Http/Request), Object(Closure))
#25 D:/PROJECT RADIT/Toko_online-Laravel/vendor/laravel/framework/src/Illuminate/Pipeline/Pipeline.php(119): Illuminate/Pipeline/Pipeline->{closure:{closure:Illuminate/Pipeline/Pipeline::carry():158}:159}(Object(Illuminate/Http/Request))
#26 D:/PROJECT RADIT/Toko_online-Laravel/vendor/laravel/framework/src/Illuminate/Routing/Router.php(805): Illuminate/Pipeline/Pipeline->then(Object(Closure))
#27 D:/PROJECT RADIT/Toko_online-Laravel/vendor/laravel/framework/src/Illuminate/Routing/Router.php(784): Illuminate/Routing/Router->runRouteWithinStack(Object(Illuminate/Routing/Route), Object(Illuminate/Http/Request))
#28 D:/PROJECT RADIT/Toko_online-Laravel/vendor/laravel/framework/src/Illuminate/Routing/Router.php(748): Illuminate/Routing/Router->runRoute(Object(Illuminate/Http/Request), Object(Illuminate/Routing/Route))
#29 D:/PROJECT RADIT/Toko_online-Laravel/vendor/laravel/framework/src/Illuminate/Routing/Router.php(737): Illuminate/Routing/Router->dispatchToRoute(Object(Illuminate/Http/Request))
#30 D:/PROJECT RADIT/Toko_online-Laravel/vendor/laravel/framework/src/Illuminate/Foundation/Http/Kernel.php(200): Illuminate/Routing/Router->dispatch(Object(Illuminate/Http/Request))
#31 D:/PROJECT RADIT/Toko_online-Laravel/vendor/laravel/framework/src/Illuminate/Pipeline/Pipeline.php(144): Illuminate/Foundation/Http/Kernel->{closure:Illuminate/Foundation/Http/Kernel::dispatchToRouter():197}(Object(Illuminate/Http/Request))
#32 D:/PROJECT RADIT/Toko_online-Laravel/vendor/laravel/framework/src/Illuminate/Foundation/Http/Middleware/TransformsRequest.php(21): Illuminate/Pipeline/Pipeline->{closure:Illuminate/Pipeline/Pipeline::prepareDestination():142}(Object(Illuminate/Http/Request))
#33 D:/PROJECT RADIT/Toko_online-Laravel/vendor/laravel/framework/src/Illuminate/Foundation/Http/Middleware/ConvertEmptyStringsToNull.php(31): Illuminate/Foundation/Http/Middleware/TransformsRequest->handle(Object(Illuminate/Http/Request), Object(Closure))
#34 D:/PROJECT RADIT/Toko_online-Laravel/vendor/laravel/framework/src/Illuminate/Pipeline/Pipeline.php(183): Illuminate/Foundation/Http/Middleware/ConvertEmptyStringsToNull->handle(Object(Illuminate/Http/Request), Object(Closure))
#35 D:/PROJECT RADIT/Toko_online-Laravel/vendor/laravel/framework/src/Illuminate/Foundation/Http/Middleware/TransformsRequest.php(21): Illuminate/Pipeline/Pipeline->{closure:{closure:Illuminate/Pipeline/Pipeline::carry():158}:159}(Object(Illuminate/Http/Request))
#36 D:/PROJECT RADIT/Toko_online-Laravel/vendor/laravel/framework/src/Illuminate/Foundation/Http/Middleware/TrimStrings.php(40): Illuminate/Foundation/Http/Middleware/TransformsRequest->handle(Object(Illuminate/Http/Request), Object(Closure))
#37 D:/PROJECT RADIT/Toko_online-Laravel/vendor/laravel/framework/src/Illuminate/Pipeline/Pipeline.php(183): Illuminate/Foundation/Http/Middleware/TrimStrings->handle(Object(Illuminate/Http/Request), Object(Closure))
#38 D:/PROJECT RADIT/Toko_online-Laravel/vendor/laravel/framework/src/Illuminate/Foundation/Http/Middleware/ValidatePostSize.php(27): Illuminate/Pipeline/Pipeline->{closure:{closure:Illuminate/Pipeline/Pipeline::carry():158}:159}(Object(Illuminate/Http/Request))
#39 D:/PROJECT RADIT/Toko_online-Laravel/vendor/laravel/framework/src/Illuminate/Pipeline/Pipeline.php(183): Illuminate/Foundation/Http/Middleware/ValidatePostSize->handle(Object(Illuminate/Http/Request), Object(Closure))
#40 D:/PROJECT RADIT/Toko_online-Laravel/vendor/laravel/framework/src/Illuminate/Foundation/Http/Middleware/PreventRequestsDuringMaintenance.php(99): Illuminate/Pipeline/Pipeline->{closure:{closure:Illuminate/Pipeline/Pipeline::carry():158}:159}(Object(Illuminate/Http/Request))
#41 D:/PROJECT RADIT/Toko_online-Laravel/vendor/laravel/framework/src/Illuminate/Pipeline/Pipeline.php(183): Illuminate/Foundation/Http/Middleware/PreventRequestsDuringMaintenance->handle(Object(Illuminate/Http/Request), Object(Closure))
#42 D:/PROJECT RADIT/Toko_online-Laravel/vendor/laravel/framework/src/Illuminate/Http/Middleware/HandleCors.php(49): Illuminate/Pipeline/Pipeline->{closure:{closure:Illuminate/Pipeline/Pipeline::carry():158}:159}(Object(Illuminate/Http/Request))
#43 D:/PROJECT RADIT/Toko_online-Laravel/vendor/laravel/framework/src/Illuminate/Pipeline/Pipeline.php(183): Illuminate/Http/Middleware/HandleCors->handle(Object(Illuminate/Http/Request), Object(Closure))
#44 D:/PROJECT RADIT/Toko_online-Laravel/vendor/laravel/framework/src/Illuminate/Http/Middleware/TrustProxies.php(39): Illuminate/Pipeline/Pipeline->{closure:{closure:Illuminate/Pipeline/Pipeline::carry():158}:159}(Object(Illuminate/Http/Request))
#45 D:/PROJECT RADIT/Toko_online-Laravel/vendor/laravel/framework/src/Illuminate/Pipeline/Pipeline.php(183): Illuminate/Http/Middleware/TrustProxies->handle(Object(Illuminate/Http/Request), Object(Closure))
#46 D:/PROJECT RADIT/Toko_online-Laravel/vendor/laravel/framework/src/Illuminate/Pipeline/Pipeline.php(119): Illuminate/Pipeline/Pipeline->{closure:{closure:Illuminate/Pipeline/Pipeline::carry():158}:159}(Object(Illuminate/Http/Request))
#47 D:/PROJECT RADIT/Toko_online-Laravel/vendor/laravel/framework/src/Illuminate/Foundation/Http/Kernel.php(175): Illuminate/Pipeline/Pipeline->then(Object(Closure))
#48 D:/PROJECT RADIT/Toko_online-Laravel/vendor/laravel/framework/src/Illuminate/Foundation/Http/Kernel.php(144): Illuminate/Foundation/Http/Kernel->sendRequestThroughRouter(Object(Illuminate/Http/Request))
#49 D:/PROJECT RADIT/Toko_online-Laravel/public/index.php(51): Illuminate/Foundation/Http/Kernel->handle(Object(Illuminate/Http/Request))
#50 D:/PROJECT RADIT/Toko_online-Laravel/vendor/laravel/framework/src/Illuminate/Foundation/resources/server.php(16): require_once('D://PROJECT RADI...')
#51 {main}
"} 
[2026-06-23 11:09:39] local.ERROR: imagepng(D:\PROJECT RADIT\Toko_online-Laravel\public\storage/img-produk//20260623110939_6a3a070353f1f.png): Failed to open stream: No such file or directory {"userId":1,"exception":"[object] (ErrorException(code: 0): imagepng(D:\\PROJECT RADIT\\Toko_online-Laravel\\public\\storage/img-produk//20260623110939_6a3a070353f1f.png): Failed to open stream: No such file or directory at D:/PROJECT RADIT/Toko_online-Laravel/app/Helpers/ImageHelper.php:64)
[stacktrace]
#0 D:/PROJECT RADIT/Toko_online-Laravel/vendor/laravel/framework/src/Illuminate/Foundation/Bootstrap/HandleExceptions.php(255): Illuminate/Foundation/Bootstrap/HandleExceptions->handleError(2, 'imagepng(D://PRO...', 'D://PROJECT RADI...', 64)
#1 [internal function]: Illuminate/Foundation/Bootstrap/HandleExceptions->{closure:Illuminate/Foundation/Bootstrap/HandleExceptions::forwardsTo():254}(2, 'imagepng(D://PRO...', 'D://PROJECT RADI...', 64)
#2 D:/PROJECT RADIT/Toko_online-Laravel/app/Helpers/ImageHelper.php(64): imagepng(Object(GdImage), 'D://PROJECT RADI...')
#3 D:/PROJECT RADIT/Toko_online-Laravel/app/Http/Controllers/ProdukController.php(238): App/Helpers/ImageHelper::uploadAndResize(Object(Illuminate/Http/UploadedFile), 'storage/img-pro...', '20260623110939_...', 800, 802.20994475138)
#4 D:/PROJECT RADIT/Toko_online-Laravel/vendor/laravel/framework/src/Illuminate/Routing/Controller.php(54): App/Http/Controllers/ProdukController->storeFoto(Object(Illuminate/Http/Request))
#5 D:/PROJECT RADIT/Toko_online-Laravel/vendor/laravel/framework/src/Illuminate/Routing/ControllerDispatcher.php(43): Illuminate/Routing/Controller->callAction('storeFoto', Array)
#6 D:/PROJECT RADIT/Toko_online-Laravel/vendor/laravel/framework/src/Illuminate/Routing/Route.php(259): Illuminate/Routing/ControllerDispatcher->dispatch(Object(Illuminate/Routing/Route), Object(App/Http/Controllers/ProdukController), 'storeFoto')
#7 D:/PROJECT RADIT/Toko_online-Laravel/vendor/laravel/framework/src/Illuminate/Routing/Route.php(205): Illuminate/Routing/Route->runController()
#8 D:/PROJECT RADIT/Toko_online-Laravel/vendor/laravel/framework/src/Illuminate/Routing/Router.php(806): Illuminate/Routing/Route->run()
#9 D:/PROJECT RADIT/Toko_online-Laravel/vendor/laravel/framework/src/Illuminate/Pipeline/Pipeline.php(144): Illuminate/Routing/Router->{closure:Illuminate/Routing/Router::runRouteWithinStack():805}(Object(Illuminate/Http/Request))
#10 D:/PROJECT RADIT/Toko_online-Laravel/vendor/laravel/framework/src/Illuminate/Routing/Middleware/SubstituteBindings.php(50): Illuminate/Pipeline/Pipeline->{closure:Illuminate/Pipeline/Pipeline::prepareDestination():142}(Object(Illuminate/Http/Request))
#11 D:/PROJECT RADIT/Toko_online-Laravel/vendor/laravel/framework/src/Illuminate/Pipeline/Pipeline.php(183): Illuminate/Routing/Middleware/SubstituteBindings->handle(Object(Illuminate/Http/Request), Object(Closure))
#12 D:/PROJECT RADIT/Toko_online-Laravel/vendor/laravel/framework/src/Illuminate/Auth/Middleware/Authenticate.php(57): Illuminate/Pipeline/Pipeline->{closure:{closure:Illuminate/Pipeline/Pipeline::carry():158}:159}(Object(Illuminate/Http/Request))
#13 D:/PROJECT RADIT/Toko_online-Laravel/vendor/laravel/framework/src/Illuminate/Pipeline/Pipeline.php(183): Illuminate/Auth/Middleware/Authenticate->handle(Object(Illuminate/Http/Request), Object(Closure))
#14 D:/PROJECT RADIT/Toko_online-Laravel/vendor/laravel/framework/src/Illuminate/Foundation/Http/Middleware/VerifyCsrfToken.php(78): Illuminate/Pipeline/Pipeline->{closure:{closure:Illuminate/Pipeline/Pipeline::carry():158}:159}(Object(Illuminate/Http/Request))
#15 D:/PROJECT RADIT/Toko_online-Laravel/vendor/laravel/framework/src/Illuminate/Pipeline/Pipeline.php(183): Illuminate/Foundation/Http/Middleware/VerifyCsrfToken->handle(Object(Illuminate/Http/Request), Object(Closure))
#16 D:/PROJECT RADIT/Toko_online-Laravel/vendor/laravel/framework/src/Illuminate/View/Middleware/ShareErrorsFromSession.php(49): Illuminate/Pipeline/Pipeline->{closure:{closure:Illuminate/Pipeline/Pipeline::carry():158}:159}(Object(Illuminate/Http/Request))
#17 D:/PROJECT RADIT/Toko_online-Laravel/vendor/laravel/framework/src/Illuminate/Pipeline/Pipeline.php(183): Illuminate/View/Middleware/ShareErrorsFromSession->handle(Object(Illuminate/Http/Request), Object(Closure))
#18 D:/PROJECT RADIT/Toko_online-Laravel/vendor/laravel/framework/src/Illuminate/Session/Middleware/StartSession.php(121): Illuminate/Pipeline/Pipeline->{closure:{closure:Illuminate/Pipeline/Pipeline::carry():158}:159}(Object(Illuminate/Http/Request))
#19 D:/PROJECT RADIT/Toko_online-Laravel/vendor/laravel/framework/src/Illuminate/Session/Middleware/StartSession.php(64): Illuminate/Session/Middleware/StartSession->handleStatefulRequest(Object(Illuminate/Http/Request), Object(Illuminate/Session/Store), Object(Closure))
#20 D:/PROJECT RADIT/Toko_online-Laravel/vendor/laravel/framework/src/Illuminate/Pipeline/Pipeline.php(183): Illuminate/Session/Middleware/StartSession->handle(Object(Illuminate/Http/Request), Object(Closure))
#21 D:/PROJECT RADIT/Toko_online-Laravel/vendor/laravel/framework/src/Illuminate/Cookie/Middleware/AddQueuedCookiesToResponse.php(37): Illuminate/Pipeline/Pipeline->{closure:{closure:Illuminate/Pipeline/Pipeline::carry():158}:159}(Object(Illuminate/Http/Request))
#22 D:/PROJECT RADIT/Toko_online-Laravel/vendor/laravel/framework/src/Illuminate/Pipeline/Pipeline.php(183): Illuminate/Cookie/Middleware/AddQueuedCookiesToResponse->handle(Object(Illuminate/Http/Request), Object(Closure))
#23 D:/PROJECT RADIT/Toko_online-Laravel/vendor/laravel/framework/src/Illuminate/Cookie/Middleware/EncryptCookies.php(67): Illuminate/Pipeline/Pipeline->{closure:{closure:Illuminate/Pipeline/Pipeline::carry():158}:159}(Object(Illuminate/Http/Request))
#24 D:/PROJECT RADIT/Toko_online-Laravel/vendor/laravel/framework/src/Illuminate/Pipeline/Pipeline.php(183): Illuminate/Cookie/Middleware/EncryptCookies->handle(Object(Illuminate/Http/Request), Object(Closure))
#25 D:/PROJECT RADIT/Toko_online-Laravel/vendor/laravel/framework/src/Illuminate/Pipeline/Pipeline.php(119): Illuminate/Pipeline/Pipeline->{closure:{closure:Illuminate/Pipeline/Pipeline::carry():158}:159}(Object(Illuminate/Http/Request))
#26 D:/PROJECT RADIT/Toko_online-Laravel/vendor/laravel/framework/src/Illuminate/Routing/Router.php(805): Illuminate/Pipeline/Pipeline->then(Object(Closure))
#27 D:/PROJECT RADIT/Toko_online-Laravel/vendor/laravel/framework/src/Illuminate/Routing/Router.php(784): Illuminate/Routing/Router->runRouteWithinStack(Object(Illuminate/Routing/Route), Object(Illuminate/Http/Request))
#28 D:/PROJECT RADIT/Toko_online-Laravel/vendor/laravel/framework/src/Illuminate/Routing/Router.php(748): Illuminate/Routing/Router->runRoute(Object(Illuminate/Http/Request), Object(Illuminate/Routing/Route))
#29 D:/PROJECT RADIT/Toko_online-Laravel/vendor/laravel/framework/src/Illuminate/Routing/Router.php(737): Illuminate/Routing/Router->dispatchToRoute(Object(Illuminate/Http/Request))
#30 D:/PROJECT RADIT/Toko_online-Laravel/vendor/laravel/framework/src/Illuminate/Foundation/Http/Kernel.php(200): Illuminate/Routing/Router->dispatch(Object(Illuminate/Http/Request))
#31 D:/PROJECT RADIT/Toko_online-Laravel/vendor/laravel/framework/src/Illuminate/Pipeline/Pipeline.php(144): Illuminate/Foundation/Http/Kernel->{closure:Illuminate/Foundation/Http/Kernel::dispatchToRouter():197}(Object(Illuminate/Http/Request))
#32 D:/PROJECT RADIT/Toko_online-Laravel/vendor/laravel/framework/src/Illuminate/Foundation/Http/Middleware/TransformsRequest.php(21): Illuminate/Pipeline/Pipeline->{closure:Illuminate/Pipeline/Pipeline::prepareDestination():142}(Object(Illuminate/Http/Request))
#33 D:/PROJECT RADIT/Toko_online-Laravel/vendor/laravel/framework/src/Illuminate/Foundation/Http/Middleware/ConvertEmptyStringsToNull.php(31): Illuminate/Foundation/Http/Middleware/TransformsRequest->handle(Object(Illuminate/Http/Request), Object(Closure))
#34 D:/PROJECT RADIT/Toko_online-Laravel/vendor/laravel/framework/src/Illuminate/Pipeline/Pipeline.php(183): Illuminate/Foundation/Http/Middleware/ConvertEmptyStringsToNull->handle(Object(Illuminate/Http/Request), Object(Closure))
#35 D:/PROJECT RADIT/Toko_online-Laravel/vendor/laravel/framework/src/Illuminate/Foundation/Http/Middleware/TransformsRequest.php(21): Illuminate/Pipeline/Pipeline->{closure:{closure:Illuminate/Pipeline/Pipeline::carry():158}:159}(Object(Illuminate/Http/Request))
#36 D:/PROJECT RADIT/Toko_online-Laravel/vendor/laravel/framework/src/Illuminate/Foundation/Http/Middleware/TrimStrings.php(40): Illuminate/Foundation/Http/Middleware/TransformsRequest->handle(Object(Illuminate/Http/Request), Object(Closure))
#37 D:/PROJECT RADIT/Toko_online-Laravel/vendor/laravel/framework/src/Illuminate/Pipeline/Pipeline.php(183): Illuminate/Foundation/Http/Middleware/TrimStrings->handle(Object(Illuminate/Http/Request), Object(Closure))
#38 D:/PROJECT RADIT/Toko_online-Laravel/vendor/laravel/framework/src/Illuminate/Foundation/Http/Middleware/ValidatePostSize.php(27): Illuminate/Pipeline/Pipeline->{closure:{closure:Illuminate/Pipeline/Pipeline::carry():158}:159}(Object(Illuminate/Http/Request))
#39 D:/PROJECT RADIT/Toko_online-Laravel/vendor/laravel/framework/src/Illuminate/Pipeline/Pipeline.php(183): Illuminate/Foundation/Http/Middleware/ValidatePostSize->handle(Object(Illuminate/Http/Request), Object(Closure))
#40 D:/PROJECT RADIT/Toko_online-Laravel/vendor/laravel/framework/src/Illuminate/Foundation/Http/Middleware/PreventRequestsDuringMaintenance.php(99): Illuminate/Pipeline/Pipeline->{closure:{closure:Illuminate/Pipeline/Pipeline::carry():158}:159}(Object(Illuminate/Http/Request))
#41 D:/PROJECT RADIT/Toko_online-Laravel/vendor/laravel/framework/src/Illuminate/Pipeline/Pipeline.php(183): Illuminate/Foundation/Http/Middleware/PreventRequestsDuringMaintenance->handle(Object(Illuminate/Http/Request), Object(Closure))
#42 D:/PROJECT RADIT/Toko_online-Laravel/vendor/laravel/framework/src/Illuminate/Http/Middleware/HandleCors.php(49): Illuminate/Pipeline/Pipeline->{closure:{closure:Illuminate/Pipeline/Pipeline::carry():158}:159}(Object(Illuminate/Http/Request))
#43 D:/PROJECT RADIT/Toko_online-Laravel/vendor/laravel/framework/src/Illuminate/Pipeline/Pipeline.php(183): Illuminate/Http/Middleware/HandleCors->handle(Object(Illuminate/Http/Request), Object(Closure))
#44 D:/PROJECT RADIT/Toko_online-Laravel/vendor/laravel/framework/src/Illuminate/Http/Middleware/TrustProxies.php(39): Illuminate/Pipeline/Pipeline->{closure:{closure:Illuminate/Pipeline/Pipeline::carry():158}:159}(Object(Illuminate/Http/Request))
#45 D:/PROJECT RADIT/Toko_online-Laravel/vendor/laravel/framework/src/Illuminate/Pipeline/Pipeline.php(183): Illuminate/Http/Middleware/TrustProxies->handle(Object(Illuminate/Http/Request), Object(Closure))
#46 D:/PROJECT RADIT/Toko_online-Laravel/vendor/laravel/framework/src/Illuminate/Pipeline/Pipeline.php(119): Illuminate/Pipeline/Pipeline->{closure:{closure:Illuminate/Pipeline/Pipeline::carry():158}:159}(Object(Illuminate/Http/Request))
#47 D:/PROJECT RADIT/Toko_online-Laravel/vendor/laravel/framework/src/Illuminate/Foundation/Http/Kernel.php(175): Illuminate/Pipeline/Pipeline->then(Object(Closure))
#48 D:/PROJECT RADIT/Toko_online-Laravel/vendor/laravel/framework/src/Illuminate/Foundation/Http/Kernel.php(144): Illuminate/Foundation/Http/Kernel->sendRequestThroughRouter(Object(Illuminate/Http/Request))
#49 D:/PROJECT RADIT/Toko_online-Laravel/public/index.php(51): Illuminate/Foundation/Http/Kernel->handle(Object(Illuminate/Http/Request))
#50 D:/PROJECT RADIT/Toko_online-Laravel/vendor/laravel/framework/src/Illuminate/Foundation/resources/server.php(16): require_once('D://PROJECT RADI...')
#51 {main}
"} 
[2026-06-23 11:11:13] local.ERROR: imagepng(D:\PROJECT RADIT\Toko_online-Laravel\public\storage/img-produk//20260623111113_6a3a076111420.png): Failed to open stream: No such file or directory {"userId":1,"exception":"[object] (ErrorException(code: 0): imagepng(D:\\PROJECT RADIT\\Toko_online-Laravel\\public\\storage/img-produk//20260623111113_6a3a076111420.png): Failed to open stream: No such file or directory at D:/PROJECT RADIT/Toko_online-Laravel/app/Helpers/ImageHelper.php:64)
[stacktrace]
#0 D:/PROJECT RADIT/Toko_online-Laravel/vendor/laravel/framework/src/Illuminate/Foundation/Bootstrap/HandleExceptions.php(255): Illuminate/Foundation/Bootstrap/HandleExceptions->handleError(2, 'imagepng(D://PRO...', 'D://PROJECT RADI...', 64)
#1 [internal function]: Illuminate/Foundation/Bootstrap/HandleExceptions->{closure:Illuminate/Foundation/Bootstrap/HandleExceptions::forwardsTo():254}(2, 'imagepng(D://PRO...', 'D://PROJECT RADI...', 64)
#2 D:/PROJECT RADIT/Toko_online-Laravel/app/Helpers/ImageHelper.php(64): imagepng(Object(GdImage), 'D://PROJECT RADI...')
#3 D:/PROJECT RADIT/Toko_online-Laravel/app/Http/Controllers/ProdukController.php(64): App/Helpers/ImageHelper::uploadAndResize(Object(Illuminate/Http/UploadedFile), 'storage/img-pro...', '20260623111113_...')
#4 D:/PROJECT RADIT/Toko_online-Laravel/vendor/laravel/framework/src/Illuminate/Routing/Controller.php(54): App/Http/Controllers/ProdukController->store(Object(Illuminate/Http/Request))
#5 D:/PROJECT RADIT/Toko_online-Laravel/vendor/laravel/framework/src/Illuminate/Routing/ControllerDispatcher.php(43): Illuminate/Routing/Controller->callAction('store', Array)
#6 D:/PROJECT RADIT/Toko_online-Laravel/vendor/laravel/framework/src/Illuminate/Routing/Route.php(259): Illuminate/Routing/ControllerDispatcher->dispatch(Object(Illuminate/Routing/Route), Object(App/Http/Controllers/ProdukController), 'store')
#7 D:/PROJECT RADIT/Toko_online-Laravel/vendor/laravel/framework/src/Illuminate/Routing/Route.php(205): Illuminate/Routing/Route->runController()
#8 D:/PROJECT RADIT/Toko_online-Laravel/vendor/laravel/framework/src/Illuminate/Routing/Router.php(806): Illuminate/Routing/Route->run()
#9 D:/PROJECT RADIT/Toko_online-Laravel/vendor/laravel/framework/src/Illuminate/Pipeline/Pipeline.php(144): Illuminate/Routing/Router->{closure:Illuminate/Routing/Router::runRouteWithinStack():805}(Object(Illuminate/Http/Request))
#10 D:/PROJECT RADIT/Toko_online-Laravel/vendor/laravel/framework/src/Illuminate/Routing/Middleware/SubstituteBindings.php(50): Illuminate/Pipeline/Pipeline->{closure:Illuminate/Pipeline/Pipeline::prepareDestination():142}(Object(Illuminate/Http/Request))
#11 D:/PROJECT RADIT/Toko_online-Laravel/vendor/laravel/framework/src/Illuminate/Pipeline/Pipeline.php(183): Illuminate/Routing/Middleware/SubstituteBindings->handle(Object(Illuminate/Http/Request), Object(Closure))
#12 D:/PROJECT RADIT/Toko_online-Laravel/vendor/laravel/framework/src/Illuminate/Auth/Middleware/Authenticate.php(57): Illuminate/Pipeline/Pipeline->{closure:{closure:Illuminate/Pipeline/Pipeline::carry():158}:159}(Object(Illuminate/Http/Request))
#13 D:/PROJECT RADIT/Toko_online-Laravel/vendor/laravel/framework/src/Illuminate/Pipeline/Pipeline.php(183): Illuminate/Auth/Middleware/Authenticate->handle(Object(Illuminate/Http/Request), Object(Closure))
#14 D:/PROJECT RADIT/Toko_online-Laravel/vendor/laravel/framework/src/Illuminate/Foundation/Http/Middleware/VerifyCsrfToken.php(78): Illuminate/Pipeline/Pipeline->{closure:{closure:Illuminate/Pipeline/Pipeline::carry():158}:159}(Object(Illuminate/Http/Request))
#15 D:/PROJECT RADIT/Toko_online-Laravel/vendor/laravel/framework/src/Illuminate/Pipeline/Pipeline.php(183): Illuminate/Foundation/Http/Middleware/VerifyCsrfToken->handle(Object(Illuminate/Http/Request), Object(Closure))
#16 D:/PROJECT RADIT/Toko_online-Laravel/vendor/laravel/framework/src/Illuminate/View/Middleware/ShareErrorsFromSession.php(49): Illuminate/Pipeline/Pipeline->{closure:{closure:Illuminate/Pipeline/Pipeline::carry():158}:159}(Object(Illuminate/Http/Request))
#17 D:/PROJECT RADIT/Toko_online-Laravel/vendor/laravel/framework/src/Illuminate/Pipeline/Pipeline.php(183): Illuminate/View/Middleware/ShareErrorsFromSession->handle(Object(Illuminate/Http/Request), Object(Closure))
#18 D:/PROJECT RADIT/Toko_online-Laravel/vendor/laravel/framework/src/Illuminate/Session/Middleware/StartSession.php(121): Illuminate/Pipeline/Pipeline->{closure:{closure:Illuminate/Pipeline/Pipeline::carry():158}:159}(Object(Illuminate/Http/Request))
#19 D:/PROJECT RADIT/Toko_online-Laravel/vendor/laravel/framework/src/Illuminate/Session/Middleware/StartSession.php(64): Illuminate/Session/Middleware/StartSession->handleStatefulRequest(Object(Illuminate/Http/Request), Object(Illuminate/Session/Store), Object(Closure))
#20 D:/PROJECT RADIT/Toko_online-Laravel/vendor/laravel/framework/src/Illuminate/Pipeline/Pipeline.php(183): Illuminate/Session/Middleware/StartSession->handle(Object(Illuminate/Http/Request), Object(Closure))
#21 D:/PROJECT RADIT/Toko_online-Laravel/vendor/laravel/framework/src/Illuminate/Cookie/Middleware/AddQueuedCookiesToResponse.php(37): Illuminate/Pipeline/Pipeline->{closure:{closure:Illuminate/Pipeline/Pipeline::carry():158}:159}(Object(Illuminate/Http/Request))
#22 D:/PROJECT RADIT/Toko_online-Laravel/vendor/laravel/framework/src/Illuminate/Pipeline/Pipeline.php(183): Illuminate/Cookie/Middleware/AddQueuedCookiesToResponse->handle(Object(Illuminate/Http/Request), Object(Closure))
#23 D:/PROJECT RADIT/Toko_online-Laravel/vendor/laravel/framework/src/Illuminate/Cookie/Middleware/EncryptCookies.php(67): Illuminate/Pipeline/Pipeline->{closure:{closure:Illuminate/Pipeline/Pipeline::carry():158}:159}(Object(Illuminate/Http/Request))
#24 D:/PROJECT RADIT/Toko_online-Laravel/vendor/laravel/framework/src/Illuminate/Pipeline/Pipeline.php(183): Illuminate/Cookie/Middleware/EncryptCookies->handle(Object(Illuminate/Http/Request), Object(Closure))
#25 D:/PROJECT RADIT/Toko_online-Laravel/vendor/laravel/framework/src/Illuminate/Pipeline/Pipeline.php(119): Illuminate/Pipeline/Pipeline->{closure:{closure:Illuminate/Pipeline/Pipeline::carry():158}:159}(Object(Illuminate/Http/Request))
#26 D:/PROJECT RADIT/Toko_online-Laravel/vendor/laravel/framework/src/Illuminate/Routing/Router.php(805): Illuminate/Pipeline/Pipeline->then(Object(Closure))
#27 D:/PROJECT RADIT/Toko_online-Laravel/vendor/laravel/framework/src/Illuminate/Routing/Router.php(784): Illuminate/Routing/Router->runRouteWithinStack(Object(Illuminate/Routing/Route), Object(Illuminate/Http/Request))
#28 D:/PROJECT RADIT/Toko_online-Laravel/vendor/laravel/framework/src/Illuminate/Routing/Router.php(748): Illuminate/Routing/Router->runRoute(Object(Illuminate/Http/Request), Object(Illuminate/Routing/Route))
#29 D:/PROJECT RADIT/Toko_online-Laravel/vendor/laravel/framework/src/Illuminate/Routing/Router.php(737): Illuminate/Routing/Router->dispatchToRoute(Object(Illuminate/Http/Request))
#30 D:/PROJECT RADIT/Toko_online-Laravel/vendor/laravel/framework/src/Illuminate/Foundation/Http/Kernel.php(200): Illuminate/Routing/Router->dispatch(Object(Illuminate/Http/Request))
#31 D:/PROJECT RADIT/Toko_online-Laravel/vendor/laravel/framework/src/Illuminate/Pipeline/Pipeline.php(144): Illuminate/Foundation/Http/Kernel->{closure:Illuminate/Foundation/Http/Kernel::dispatchToRouter():197}(Object(Illuminate/Http/Request))
#32 D:/PROJECT RADIT/Toko_online-Laravel/vendor/laravel/framework/src/Illuminate/Foundation/Http/Middleware/TransformsRequest.php(21): Illuminate/Pipeline/Pipeline->{closure:Illuminate/Pipeline/Pipeline::prepareDestination():142}(Object(Illuminate/Http/Request))
#33 D:/PROJECT RADIT/Toko_online-Laravel/vendor/laravel/framework/src/Illuminate/Foundation/Http/Middleware/ConvertEmptyStringsToNull.php(31): Illuminate/Foundation/Http/Middleware/TransformsRequest->handle(Object(Illuminate/Http/Request), Object(Closure))
#34 D:/PROJECT RADIT/Toko_online-Laravel/vendor/laravel/framework/src/Illuminate/Pipeline/Pipeline.php(183): Illuminate/Foundation/Http/Middleware/ConvertEmptyStringsToNull->handle(Object(Illuminate/Http/Request), Object(Closure))
#35 D:/PROJECT RADIT/Toko_online-Laravel/vendor/laravel/framework/src/Illuminate/Foundation/Http/Middleware/TransformsRequest.php(21): Illuminate/Pipeline/Pipeline->{closure:{closure:Illuminate/Pipeline/Pipeline::carry():158}:159}(Object(Illuminate/Http/Request))
#36 D:/PROJECT RADIT/Toko_online-Laravel/vendor/laravel/framework/src/Illuminate/Foundation/Http/Middleware/TrimStrings.php(40): Illuminate/Foundation/Http/Middleware/TransformsRequest->handle(Object(Illuminate/Http/Request), Object(Closure))
#37 D:/PROJECT RADIT/Toko_online-Laravel/vendor/laravel/framework/src/Illuminate/Pipeline/Pipeline.php(183): Illuminate/Foundation/Http/Middleware/TrimStrings->handle(Object(Illuminate/Http/Request), Object(Closure))
#38 D:/PROJECT RADIT/Toko_online-Laravel/vendor/laravel/framework/src/Illuminate/Foundation/Http/Middleware/ValidatePostSize.php(27): Illuminate/Pipeline/Pipeline->{closure:{closure:Illuminate/Pipeline/Pipeline::carry():158}:159}(Object(Illuminate/Http/Request))
#39 D:/PROJECT RADIT/Toko_online-Laravel/vendor/laravel/framework/src/Illuminate/Pipeline/Pipeline.php(183): Illuminate/Foundation/Http/Middleware/ValidatePostSize->handle(Object(Illuminate/Http/Request), Object(Closure))
#40 D:/PROJECT RADIT/Toko_online-Laravel/vendor/laravel/framework/src/Illuminate/Foundation/Http/Middleware/PreventRequestsDuringMaintenance.php(99): Illuminate/Pipeline/Pipeline->{closure:{closure:Illuminate/Pipeline/Pipeline::carry():158}:159}(Object(Illuminate/Http/Request))
#41 D:/PROJECT RADIT/Toko_online-Laravel/vendor/laravel/framework/src/Illuminate/Pipeline/Pipeline.php(183): Illuminate/Foundation/Http/Middleware/PreventRequestsDuringMaintenance->handle(Object(Illuminate/Http/Request), Object(Closure))
#42 D:/PROJECT RADIT/Toko_online-Laravel/vendor/laravel/framework/src/Illuminate/Http/Middleware/HandleCors.php(49): Illuminate/Pipeline/Pipeline->{closure:{closure:Illuminate/Pipeline/Pipeline::carry():158}:159}(Object(Illuminate/Http/Request))
#43 D:/PROJECT RADIT/Toko_online-Laravel/vendor/laravel/framework/src/Illuminate/Pipeline/Pipeline.php(183): Illuminate/Http/Middleware/HandleCors->handle(Object(Illuminate/Http/Request), Object(Closure))
#44 D:/PROJECT RADIT/Toko_online-Laravel/vendor/laravel/framework/src/Illuminate/Http/Middleware/TrustProxies.php(39): Illuminate/Pipeline/Pipeline->{closure:{closure:Illuminate/Pipeline/Pipeline::carry():158}:159}(Object(Illuminate/Http/Request))
#45 D:/PROJECT RADIT/Toko_online-Laravel/vendor/laravel/framework/src/Illuminate/Pipeline/Pipeline.php(183): Illuminate/Http/Middleware/TrustProxies->handle(Object(Illuminate/Http/Request), Object(Closure))
#46 D:/PROJECT RADIT/Toko_online-Laravel/vendor/laravel/framework/src/Illuminate/Pipeline/Pipeline.php(119): Illuminate/Pipeline/Pipeline->{closure:{closure:Illuminate/Pipeline/Pipeline::carry():158}:159}(Object(Illuminate/Http/Request))
#47 D:/PROJECT RADIT/Toko_online-Laravel/vendor/laravel/framework/src/Illuminate/Foundation/Http/Kernel.php(175): Illuminate/Pipeline/Pipeline->then(Object(Closure))
#48 D:/PROJECT RADIT/Toko_online-Laravel/vendor/laravel/framework/src/Illuminate/Foundation/Http/Kernel.php(144): Illuminate/Foundation/Http/Kernel->sendRequestThroughRouter(Object(Illuminate/Http/Request))
#49 D:/PROJECT RADIT/Toko_online-Laravel/public/index.php(51): Illuminate/Foundation/Http/Kernel->handle(Object(Illuminate/Http/Request))
#50 D:/PROJECT RADIT/Toko_online-Laravel/vendor/laravel/framework/src/Illuminate/Foundation/resources/server.php(16): require_once('D://PROJECT RADI...')
#51 {main}
"} 
[2026-06-24 21:42:55] local.ERROR: PHP Parse error: Syntax error, unexpected T_ENCAPSED_AND_WHITESPACE on line 1 {"exception":"[object] (Psy\\Exception\\ParseErrorException(code: 0): PHP Parse error: Syntax error, unexpected T_ENCAPSED_AND_WHITESPACE on line 1 at D:/PROJECT RADIT/Toko_online-Laravel/vendor/psy/psysh/src/Exception/ParseErrorException.php:44)
[stacktrace]
#0 D:/PROJECT RADIT/Toko_online-Laravel/vendor/psy/psysh/src/CodeCleaner.php(657): Psy/Exception/ParseErrorException::fromParseError(Object(PhpParser/Error))
#1 D:/PROJECT RADIT/Toko_online-Laravel/vendor/psy/psysh/src/CodeCleaner.php(273): Psy/CodeCleaner->parse('<?php echo DB::...', false)
#2 D:/PROJECT RADIT/Toko_online-Laravel/vendor/psy/psysh/src/Shell.php(1358): Psy/CodeCleaner->clean(Array, false)
#3 D:/PROJECT RADIT/Toko_online-Laravel/vendor/psy/psysh/src/Shell.php(1465): Psy/Shell->appendCode('echo DB::select...', true, false)
#4 D:/PROJECT RADIT/Toko_online-Laravel/vendor/psy/psysh/src/Shell.php(2173): Psy/Shell->setCode('echo DB::select...', true)
#5 D:/PROJECT RADIT/Toko_online-Laravel/vendor/laravel/tinker/src/Console/TinkerCommand.php(77): Psy/Shell->execute('echo DB::select...')
#6 D:/PROJECT RADIT/Toko_online-Laravel/vendor/laravel/framework/src/Illuminate/Container/BoundMethod.php(36): Laravel/Tinker/Console/TinkerCommand->handle()
#7 D:/PROJECT RADIT/Toko_online-Laravel/vendor/laravel/framework/src/Illuminate/Container/Util.php(41): Illuminate/Container/BoundMethod::{closure:Illuminate/Container/BoundMethod::call():35}()
#8 D:/PROJECT RADIT/Toko_online-Laravel/vendor/laravel/framework/src/Illuminate/Container/BoundMethod.php(93): Illuminate/Container/Util::unwrapIfClosure(Object(Closure))
#9 D:/PROJECT RADIT/Toko_online-Laravel/vendor/laravel/framework/src/Illuminate/Container/BoundMethod.php(35): Illuminate/Container/BoundMethod::callBoundMethod(Object(Illuminate/Foundation/Application), Array, Object(Closure))
#10 D:/PROJECT RADIT/Toko_online-Laravel/vendor/laravel/framework/src/Illuminate/Container/Container.php(662): Illuminate/Container/BoundMethod::call(Object(Illuminate/Foundation/Application), Array, Array, NULL)
#11 D:/PROJECT RADIT/Toko_online-Laravel/vendor/laravel/framework/src/Illuminate/Console/Command.php(211): Illuminate/Container/Container->call(Array)
#12 D:/PROJECT RADIT/Toko_online-Laravel/vendor/symfony/console/Command/Command.php(326): Illuminate/Console/Command->execute(Object(Symfony/Component/Console/Input/ArgvInput), Object(Illuminate/Console/OutputStyle))
#13 D:/PROJECT RADIT/Toko_online-Laravel/vendor/laravel/framework/src/Illuminate/Console/Command.php(180): Symfony/Component/Console/Command/Command->run(Object(Symfony/Component/Console/Input/ArgvInput), Object(Illuminate/Console/OutputStyle))
#14 D:/PROJECT RADIT/Toko_online-Laravel/vendor/symfony/console/Application.php(1121): Illuminate/Console/Command->run(Object(Symfony/Component/Console/Input/ArgvInput), Object(Symfony/Component/Console/Output/ConsoleOutput))
#15 D:/PROJECT RADIT/Toko_online-Laravel/vendor/symfony/console/Application.php(324): Symfony/Component/Console/Application->doRunCommand(Object(Laravel/Tinker/Console/TinkerCommand), Object(Symfony/Component/Console/Input/ArgvInput), Object(Symfony/Component/Console/Output/ConsoleOutput))
#16 D:/PROJECT RADIT/Toko_online-Laravel/vendor/symfony/console/Application.php(175): Symfony/Component/Console/Application->doRun(Object(Symfony/Component/Console/Input/ArgvInput), Object(Symfony/Component/Console/Output/ConsoleOutput))
#17 D:/PROJECT RADIT/Toko_online-Laravel/vendor/laravel/framework/src/Illuminate/Foundation/Console/Kernel.php(201): Symfony/Component/Console/Application->run(Object(Symfony/Component/Console/Input/ArgvInput), Object(Symfony/Component/Console/Output/ConsoleOutput))
#18 D:/PROJECT RADIT/Toko_online-Laravel/artisan(35): Illuminate/Foundation/Console/Kernel->handle(Object(Symfony/Component/Console/Input/ArgvInput), Object(Symfony/Component/Console/Output/ConsoleOutput))
#19 {main}
"} 
[2026-06-24 21:47:39] local.ERROR: SQLSTATE[22001]: String data, right truncated: 1406 Data too long for column 'hp' at row 1 (Connection: mysql, SQL: insert into `users` (`nama`, `email`, `password`, `hp`, `role`, `status`, `updated_at`, `created_at`) values (Bahlil Ganteng, bahlil@mail.com, $2y$10$4HHa/oI4R56pBhIxbQGGOeS6fUWZusgxltNuYnxYFBxwP8L/5GnV., 08212546876595, 2, 1, 2026-06-24 21:47:39, 2026-06-24 21:47:39)) {"exception":"[object] (Illuminate\\Database\\QueryException(code: 22001): SQLSTATE[22001]: String data, right truncated: 1406 Data too long for column 'hp' at row 1 (Connection: mysql, SQL: insert into `users` (`nama`, `email`, `password`, `hp`, `role`, `status`, `updated_at`, `created_at`) values (Bahlil Ganteng, bahlil@mail.com, $2y$10$4HHa/oI4R56pBhIxbQGGOeS6fUWZusgxltNuYnxYFBxwP8L/5GnV., 08212546876595, 2, 1, 2026-06-24 21:47:39, 2026-06-24 21:47:39)) at D:/PROJECT RADIT/Toko_online-Laravel/vendor/laravel/framework/src/Illuminate/Database/Connection.php:829)
[stacktrace]
#0 D:/PROJECT RADIT/Toko_online-Laravel/vendor/laravel/framework/src/Illuminate/Database/Connection.php(783): Illuminate/Database/Connection->runQueryCallback('insert into `us...', Array, Object(Closure))
#1 D:/PROJECT RADIT/Toko_online-Laravel/vendor/laravel/framework/src/Illuminate/Database/MySqlConnection.php(34): Illuminate/Database/Connection->run('insert into `us...', Array, Object(Closure))
#2 D:/PROJECT RADIT/Toko_online-Laravel/vendor/laravel/framework/src/Illuminate/Database/Query/Processors/MySqlProcessor.php(35): Illuminate/Database/MySqlConnection->insert('insert into `us...', Array, 'id')
#3 D:/PROJECT RADIT/Toko_online-Laravel/vendor/laravel/framework/src/Illuminate/Database/Query/Builder.php(3549): Illuminate/Database/Query/Processors/MySqlProcessor->processInsertGetId(Object(Illuminate/Database/Query/Builder), 'insert into `us...', Array, 'id')
#4 D:/PROJECT RADIT/Toko_online-Laravel/vendor/laravel/framework/src/Illuminate/Database/Eloquent/Builder.php(1982): Illuminate/Database/Query/Builder->insertGetId(Array, 'id')
#5 D:/PROJECT RADIT/Toko_online-Laravel/vendor/laravel/framework/src/Illuminate/Database/Eloquent/Model.php(1334): Illuminate/Database/Eloquent/Builder->__call('insertGetId', Array)
#6 D:/PROJECT RADIT/Toko_online-Laravel/vendor/laravel/framework/src/Illuminate/Database/Eloquent/Model.php(1299): Illuminate/Database/Eloquent/Model->insertAndSetId(Object(Illuminate/Database/Eloquent/Builder), Array)
#7 D:/PROJECT RADIT/Toko_online-Laravel/vendor/laravel/framework/src/Illuminate/Database/Eloquent/Model.php(1138): Illuminate/Database/Eloquent/Model->performInsert(Object(Illuminate/Database/Eloquent/Builder))
#8 D:/PROJECT RADIT/Toko_online-Laravel/vendor/laravel/framework/src/Illuminate/Database/Eloquent/Builder.php(1025): Illuminate/Database/Eloquent/Model->save()
#9 D:/PROJECT RADIT/Toko_online-Laravel/vendor/laravel/framework/src/Illuminate/Support/helpers.php(320): Illuminate/Database/Eloquent/Builder->{closure:Illuminate/Database/Eloquent/Builder::create():1024}(Object(App/Models/User))
#10 D:/PROJECT RADIT/Toko_online-Laravel/vendor/laravel/framework/src/Illuminate/Database/Eloquent/Builder.php(1024): tap(Object(App/Models/User), Object(Closure))
#11 D:/PROJECT RADIT/Toko_online-Laravel/vendor/laravel/framework/src/Illuminate/Support/Traits/ForwardsCalls.php(23): Illuminate/Database/Eloquent/Builder->create(Array)
#12 D:/PROJECT RADIT/Toko_online-Laravel/vendor/laravel/framework/src/Illuminate/Database/Eloquent/Model.php(2335): Illuminate/Database/Eloquent/Model->forwardCallTo(Object(Illuminate/Database/Eloquent/Builder), 'create', Array)
#13 D:/PROJECT RADIT/Toko_online-Laravel/vendor/laravel/framework/src/Illuminate/Database/Eloquent/Model.php(2347): Illuminate/Database/Eloquent/Model->__call('create', Array)
#14 D:/PROJECT RADIT/Toko_online-Laravel/app/Http/Controllers/LoginController.php(29): Illuminate/Database/Eloquent/Model::__callStatic('create', Array)
#15 D:/PROJECT RADIT/Toko_online-Laravel/vendor/laravel/framework/src/Illuminate/Routing/Controller.php(54): App/Http/Controllers/LoginController->storeRegisterFrontend(Object(Illuminate/Http/Request))
#16 D:/PROJECT RADIT/Toko_online-Laravel/vendor/laravel/framework/src/Illuminate/Routing/ControllerDispatcher.php(43): Illuminate/Routing/Controller->callAction('storeRegisterFr...', Array)
#17 D:/PROJECT RADIT/Toko_online-Laravel/vendor/laravel/framework/src/Illuminate/Routing/Route.php(259): Illuminate/Routing/ControllerDispatcher->dispatch(Object(Illuminate/Routing/Route), Object(App/Http/Controllers/LoginController), 'storeRegisterFr...')
#18 D:/PROJECT RADIT/Toko_online-Laravel/vendor/laravel/framework/src/Illuminate/Routing/Route.php(205): Illuminate/Routing/Route->runController()
#19 D:/PROJECT RADIT/Toko_online-Laravel/vendor/laravel/framework/src/Illuminate/Routing/Router.php(806): Illuminate/Routing/Route->run()
#20 D:/PROJECT RADIT/Toko_online-Laravel/vendor/laravel/framework/src/Illuminate/Pipeline/Pipeline.php(144): Illuminate/Routing/Router->{closure:Illuminate/Routing/Router::runRouteWithinStack():805}(Object(Illuminate/Http/Request))
#21 D:/PROJECT RADIT/Toko_online-Laravel/vendor/laravel/framework/src/Illuminate/Routing/Middleware/SubstituteBindings.php(50): Illuminate/Pipeline/Pipeline->{closure:Illuminate/Pipeline/Pipeline::prepareDestination():142}(Object(Illuminate/Http/Request))
#22 D:/PROJECT RADIT/Toko_online-Laravel/vendor/laravel/framework/src/Illuminate/Pipeline/Pipeline.php(183): Illuminate/Routing/Middleware/SubstituteBindings->handle(Object(Illuminate/Http/Request), Object(Closure))
#23 D:/PROJECT RADIT/Toko_online-Laravel/vendor/laravel/framework/src/Illuminate/Foundation/Http/Middleware/VerifyCsrfToken.php(78): Illuminate/Pipeline/Pipeline->{closure:{closure:Illuminate/Pipeline/Pipeline::carry():158}:159}(Object(Illuminate/Http/Request))
#24 D:/PROJECT RADIT/Toko_online-Laravel/vendor/laravel/framework/src/Illuminate/Pipeline/Pipeline.php(183): Illuminate/Foundation/Http/Middleware/VerifyCsrfToken->handle(Object(Illuminate/Http/Request), Object(Closure))
#25 D:/PROJECT RADIT/Toko_online-Laravel/vendor/laravel/framework/src/Illuminate/View/Middleware/ShareErrorsFromSession.php(49): Illuminate/Pipeline/Pipeline->{closure:{closure:Illuminate/Pipeline/Pipeline::carry():158}:159}(Object(Illuminate/Http/Request))
#26 D:/PROJECT RADIT/Toko_online-Laravel/vendor/laravel/framework/src/Illuminate/Pipeline/Pipeline.php(183): Illuminate/View/Middleware/ShareErrorsFromSession->handle(Object(Illuminate/Http/Request), Object(Closure))
#27 D:/PROJECT RADIT/Toko_online-Laravel/vendor/laravel/framework/src/Illuminate/Session/Middleware/StartSession.php(121): Illuminate/Pipeline/Pipeline->{closure:{closure:Illuminate/Pipeline/Pipeline::carry():158}:159}(Object(Illuminate/Http/Request))
#28 D:/PROJECT RADIT/Toko_online-Laravel/vendor/laravel/framework/src/Illuminate/Session/Middleware/StartSession.php(64): Illuminate/Session/Middleware/StartSession->handleStatefulRequest(Object(Illuminate/Http/Request), Object(Illuminate/Session/Store), Object(Closure))
#29 D:/PROJECT RADIT/Toko_online-Laravel/vendor/laravel/framework/src/Illuminate/Pipeline/Pipeline.php(183): Illuminate/Session/Middleware/StartSession->handle(Object(Illuminate/Http/Request), Object(Closure))
#30 D:/PROJECT RADIT/Toko_online-Laravel/vendor/laravel/framework/src/Illuminate/Cookie/Middleware/AddQueuedCookiesToResponse.php(37): Illuminate/Pipeline/Pipeline->{closure:{closure:Illuminate/Pipeline/Pipeline::carry():158}:159}(Object(Illuminate/Http/Request))
#31 D:/PROJECT RADIT/Toko_online-Laravel/vendor/laravel/framework/src/Illuminate/Pipeline/Pipeline.php(183): Illuminate/Cookie/Middleware/AddQueuedCookiesToResponse->handle(Object(Illuminate/Http/Request), Object(Closure))
#32 D:/PROJECT RADIT/Toko_online-Laravel/vendor/laravel/framework/src/Illuminate/Cookie/Middleware/EncryptCookies.php(67): Illuminate/Pipeline/Pipeline->{closure:{closure:Illuminate/Pipeline/Pipeline::carry():158}:159}(Object(Illuminate/Http/Request))
#33 D:/PROJECT RADIT/Toko_online-Laravel/vendor/laravel/framework/src/Illuminate/Pipeline/Pipeline.php(183): Illuminate/Cookie/Middleware/EncryptCookies->handle(Object(Illuminate/Http/Request), Object(Closure))
#34 D:/PROJECT RADIT/Toko_online-Laravel/vendor/laravel/framework/src/Illuminate/Pipeline/Pipeline.php(119): Illuminate/Pipeline/Pipeline->{closure:{closure:Illuminate/Pipeline/Pipeline::carry():158}:159}(Object(Illuminate/Http/Request))
#35 D:/PROJECT RADIT/Toko_online-Laravel/vendor/laravel/framework/src/Illuminate/Routing/Router.php(805): Illuminate/Pipeline/Pipeline->then(Object(Closure))
#36 D:/PROJECT RADIT/Toko_online-Laravel/vendor/laravel/framework/src/Illuminate/Routing/Router.php(784): Illuminate/Routing/Router->runRouteWithinStack(Object(Illuminate/Routing/Route), Object(Illuminate/Http/Request))
#37 D:/PROJECT RADIT/Toko_online-Laravel/vendor/laravel/framework/src/Illuminate/Routing/Router.php(748): Illuminate/Routing/Router->runRoute(Object(Illuminate/Http/Request), Object(Illuminate/Routing/Route))
#38 D:/PROJECT RADIT/Toko_online-Laravel/vendor/laravel/framework/src/Illuminate/Routing/Router.php(737): Illuminate/Routing/Router->dispatchToRoute(Object(Illuminate/Http/Request))
#39 D:/PROJECT RADIT/Toko_online-Laravel/vendor/laravel/framework/src/Illuminate/Foundation/Http/Kernel.php(200): Illuminate/Routing/Router->dispatch(Object(Illuminate/Http/Request))
#40 D:/PROJECT RADIT/Toko_online-Laravel/vendor/laravel/framework/src/Illuminate/Pipeline/Pipeline.php(144): Illuminate/Foundation/Http/Kernel->{closure:Illuminate/Foundation/Http/Kernel::dispatchToRouter():197}(Object(Illuminate/Http/Request))
#41 D:/PROJECT RADIT/Toko_online-Laravel/vendor/laravel/framework/src/Illuminate/Foundation/Http/Middleware/TransformsRequest.php(21): Illuminate/Pipeline/Pipeline->{closure:Illuminate/Pipeline/Pipeline::prepareDestination():142}(Object(Illuminate/Http/Request))
#42 D:/PROJECT RADIT/Toko_online-Laravel/vendor/laravel/framework/src/Illuminate/Foundation/Http/Middleware/ConvertEmptyStringsToNull.php(31): Illuminate/Foundation/Http/Middleware/TransformsRequest->handle(Object(Illuminate/Http/Request), Object(Closure))
#43 D:/PROJECT RADIT/Toko_online-Laravel/vendor/laravel/framework/src/Illuminate/Pipeline/Pipeline.php(183): Illuminate/Foundation/Http/Middleware/ConvertEmptyStringsToNull->handle(Object(Illuminate/Http/Request), Object(Closure))
#44 D:/PROJECT RADIT/Toko_online-Laravel/vendor/laravel/framework/src/Illuminate/Foundation/Http/Middleware/TransformsRequest.php(21): Illuminate/Pipeline/Pipeline->{closure:{closure:Illuminate/Pipeline/Pipeline::carry():158}:159}(Object(Illuminate/Http/Request))
#45 D:/PROJECT RADIT/Toko_online-Laravel/vendor/laravel/framework/src/Illuminate/Foundation/Http/Middleware/TrimStrings.php(40): Illuminate/Foundation/Http/Middleware/TransformsRequest->handle(Object(Illuminate/Http/Request), Object(Closure))
#46 D:/PROJECT RADIT/Toko_online-Laravel/vendor/laravel/framework/src/Illuminate/Pipeline/Pipeline.php(183): Illuminate/Foundation/Http/Middleware/TrimStrings->handle(Object(Illuminate/Http/Request), Object(Closure))
#47 D:/PROJECT RADIT/Toko_online-Laravel/vendor/laravel/framework/src/Illuminate/Foundation/Http/Middleware/ValidatePostSize.php(27): Illuminate/Pipeline/Pipeline->{closure:{closure:Illuminate/Pipeline/Pipeline::carry():158}:159}(Object(Illuminate/Http/Request))
#48 D:/PROJECT RADIT/Toko_online-Laravel/vendor/laravel/framework/src/Illuminate/Pipeline/Pipeline.php(183): Illuminate/Foundation/Http/Middleware/ValidatePostSize->handle(Object(Illuminate/Http/Request), Object(Closure))
#49 D:/PROJECT RADIT/Toko_online-Laravel/vendor/laravel/framework/src/Illuminate/Foundation/Http/Middleware/PreventRequestsDuringMaintenance.php(99): Illuminate/Pipeline/Pipeline->{closure:{closure:Illuminate/Pipeline/Pipeline::carry():158}:159}(Object(Illuminate/Http/Request))
#50 D:/PROJECT RADIT/Toko_online-Laravel/vendor/laravel/framework/src/Illuminate/Pipeline/Pipeline.php(183): Illuminate/Foundation/Http/Middleware/PreventRequestsDuringMaintenance->handle(Object(Illuminate/Http/Request), Object(Closure))
#51 D:/PROJECT RADIT/Toko_online-Laravel/vendor/laravel/framework/src/Illuminate/Http/Middleware/HandleCors.php(49): Illuminate/Pipeline/Pipeline->{closure:{closure:Illuminate/Pipeline/Pipeline::carry():158}:159}(Object(Illuminate/Http/Request))
#52 D:/PROJECT RADIT/Toko_online-Laravel/vendor/laravel/framework/src/Illuminate/Pipeline/Pipeline.php(183): Illuminate/Http/Middleware/HandleCors->handle(Object(Illuminate/Http/Request), Object(Closure))
#53 D:/PROJECT RADIT/Toko_online-Laravel/vendor/laravel/framework/src/Illuminate/Http/Middleware/TrustProxies.php(39): Illuminate/Pipeline/Pipeline->{closure:{closure:Illuminate/Pipeline/Pipeline::carry():158}:159}(Object(Illuminate/Http/Request))
#54 D:/PROJECT RADIT/Toko_online-Laravel/vendor/laravel/framework/src/Illuminate/Pipeline/Pipeline.php(183): Illuminate/Http/Middleware/TrustProxies->handle(Object(Illuminate/Http/Request), Object(Closure))
#55 D:/PROJECT RADIT/Toko_online-Laravel/vendor/laravel/framework/src/Illuminate/Pipeline/Pipeline.php(119): Illuminate/Pipeline/Pipeline->{closure:{closure:Illuminate/Pipeline/Pipeline::carry():158}:159}(Object(Illuminate/Http/Request))
#56 D:/PROJECT RADIT/Toko_online-Laravel/vendor/laravel/framework/src/Illuminate/Foundation/Http/Kernel.php(175): Illuminate/Pipeline/Pipeline->then(Object(Closure))
#57 D:/PROJECT RADIT/Toko_online-Laravel/vendor/laravel/framework/src/Illuminate/Foundation/Http/Kernel.php(144): Illuminate/Foundation/Http/Kernel->sendRequestThroughRouter(Object(Illuminate/Http/Request))
#58 D:/PROJECT RADIT/Toko_online-Laravel/public/index.php(51): Illuminate/Foundation/Http/Kernel->handle(Object(Illuminate/Http/Request))
#59 D:/PROJECT RADIT/Toko_online-Laravel/vendor/laravel/framework/src/Illuminate/Foundation/resources/server.php(16): require_once('D://PROJECT RADI...')
#60 {main}

[previous exception] [object] (PDOException(code: 22001): SQLSTATE[22001]: String data, right truncated: 1406 Data too long for column 'hp' at row 1 at D:/PROJECT RADIT/Toko_online-Laravel/vendor/laravel/framework/src/Illuminate/Database/MySqlConnection.php:45)
[stacktrace]
#0 D:/PROJECT RADIT/Toko_online-Laravel/vendor/laravel/framework/src/Illuminate/Database/MySqlConnection.php(45): PDOStatement->execute()
#1 D:/PROJECT RADIT/Toko_online-Laravel/vendor/laravel/framework/src/Illuminate/Database/Connection.php(816): Illuminate/Database/MySqlConnection->{closure:Illuminate/Database/MySqlConnection::insert():34}('insert into `us...', Array)
#2 D:/PROJECT RADIT/Toko_online-Laravel/vendor/laravel/framework/src/Illuminate/Database/Connection.php(783): Illuminate/Database/Connection->runQueryCallback('insert into `us...', Array, Object(Closure))
#3 D:/PROJECT RADIT/Toko_online-Laravel/vendor/laravel/framework/src/Illuminate/Database/MySqlConnection.php(34): Illuminate/Database/Connection->run('insert into `us...', Array, Object(Closure))
#4 D:/PROJECT RADIT/Toko_online-Laravel/vendor/laravel/framework/src/Illuminate/Database/Query/Processors/MySqlProcessor.php(35): Illuminate/Database/MySqlConnection->insert('insert into `us...', Array, 'id')
#5 D:/PROJECT RADIT/Toko_online-Laravel/vendor/laravel/framework/src/Illuminate/Database/Query/Builder.php(3549): Illuminate/Database/Query/Processors/MySqlProcessor->processInsertGetId(Object(Illuminate/Database/Query/Builder), 'insert into `us...', Array, 'id')
#6 D:/PROJECT RADIT/Toko_online-Laravel/vendor/laravel/framework/src/Illuminate/Database/Eloquent/Builder.php(1982): Illuminate/Database/Query/Builder->insertGetId(Array, 'id')
#7 D:/PROJECT RADIT/Toko_online-Laravel/vendor/laravel/framework/src/Illuminate/Database/Eloquent/Model.php(1334): Illuminate/Database/Eloquent/Builder->__call('insertGetId', Array)
#8 D:/PROJECT RADIT/Toko_online-Laravel/vendor/laravel/framework/src/Illuminate/Database/Eloquent/Model.php(1299): Illuminate/Database/Eloquent/Model->insertAndSetId(Object(Illuminate/Database/Eloquent/Builder), Array)
#9 D:/PROJECT RADIT/Toko_online-Laravel/vendor/laravel/framework/src/Illuminate/Database/Eloquent/Model.php(1138): Illuminate/Database/Eloquent/Model->performInsert(Object(Illuminate/Database/Eloquent/Builder))
#10 D:/PROJECT RADIT/Toko_online-Laravel/vendor/laravel/framework/src/Illuminate/Database/Eloquent/Builder.php(1025): Illuminate/Database/Eloquent/Model->save()
#11 D:/PROJECT RADIT/Toko_online-Laravel/vendor/laravel/framework/src/Illuminate/Support/helpers.php(320): Illuminate/Database/Eloquent/Builder->{closure:Illuminate/Database/Eloquent/Builder::create():1024}(Object(App/Models/User))
#12 D:/PROJECT RADIT/Toko_online-Laravel/vendor/laravel/framework/src/Illuminate/Database/Eloquent/Builder.php(1024): tap(Object(App/Models/User), Object(Closure))
#13 D:/PROJECT RADIT/Toko_online-Laravel/vendor/laravel/framework/src/Illuminate/Support/Traits/ForwardsCalls.php(23): Illuminate/Database/Eloquent/Builder->create(Array)
#14 D:/PROJECT RADIT/Toko_online-Laravel/vendor/laravel/framework/src/Illuminate/Database/Eloquent/Model.php(2335): Illuminate/Database/Eloquent/Model->forwardCallTo(Object(Illuminate/Database/Eloquent/Builder), 'create', Array)
#15 D:/PROJECT RADIT/Toko_online-Laravel/vendor/laravel/framework/src/Illuminate/Database/Eloquent/Model.php(2347): Illuminate/Database/Eloquent/Model->__call('create', Array)
#16 D:/PROJECT RADIT/Toko_online-Laravel/app/Http/Controllers/LoginController.php(29): Illuminate/Database/Eloquent/Model::__callStatic('create', Array)
#17 D:/PROJECT RADIT/Toko_online-Laravel/vendor/laravel/framework/src/Illuminate/Routing/Controller.php(54): App/Http/Controllers/LoginController->storeRegisterFrontend(Object(Illuminate/Http/Request))
#18 D:/PROJECT RADIT/Toko_online-Laravel/vendor/laravel/framework/src/Illuminate/Routing/ControllerDispatcher.php(43): Illuminate/Routing/Controller->callAction('storeRegisterFr...', Array)
#19 D:/PROJECT RADIT/Toko_online-Laravel/vendor/laravel/framework/src/Illuminate/Routing/Route.php(259): Illuminate/Routing/ControllerDispatcher->dispatch(Object(Illuminate/Routing/Route), Object(App/Http/Controllers/LoginController), 'storeRegisterFr...')
#20 D:/PROJECT RADIT/Toko_online-Laravel/vendor/laravel/framework/src/Illuminate/Routing/Route.php(205): Illuminate/Routing/Route->runController()
#21 D:/PROJECT RADIT/Toko_online-Laravel/vendor/laravel/framework/src/Illuminate/Routing/Router.php(806): Illuminate/Routing/Route->run()
#22 D:/PROJECT RADIT/Toko_online-Laravel/vendor/laravel/framework/src/Illuminate/Pipeline/Pipeline.php(144): Illuminate/Routing/Router->{closure:Illuminate/Routing/Router::runRouteWithinStack():805}(Object(Illuminate/Http/Request))
#23 D:/PROJECT RADIT/Toko_online-Laravel/vendor/laravel/framework/src/Illuminate/Routing/Middleware/SubstituteBindings.php(50): Illuminate/Pipeline/Pipeline->{closure:Illuminate/Pipeline/Pipeline::prepareDestination():142}(Object(Illuminate/Http/Request))
#24 D:/PROJECT RADIT/Toko_online-Laravel/vendor/laravel/framework/src/Illuminate/Pipeline/Pipeline.php(183): Illuminate/Routing/Middleware/SubstituteBindings->handle(Object(Illuminate/Http/Request), Object(Closure))
#25 D:/PROJECT RADIT/Toko_online-Laravel/vendor/laravel/framework/src/Illuminate/Foundation/Http/Middleware/VerifyCsrfToken.php(78): Illuminate/Pipeline/Pipeline->{closure:{closure:Illuminate/Pipeline/Pipeline::carry():158}:159}(Object(Illuminate/Http/Request))
#26 D:/PROJECT RADIT/Toko_online-Laravel/vendor/laravel/framework/src/Illuminate/Pipeline/Pipeline.php(183): Illuminate/Foundation/Http/Middleware/VerifyCsrfToken->handle(Object(Illuminate/Http/Request), Object(Closure))
#27 D:/PROJECT RADIT/Toko_online-Laravel/vendor/laravel/framework/src/Illuminate/View/Middleware/ShareErrorsFromSession.php(49): Illuminate/Pipeline/Pipeline->{closure:{closure:Illuminate/Pipeline/Pipeline::carry():158}:159}(Object(Illuminate/Http/Request))
#28 D:/PROJECT RADIT/Toko_online-Laravel/vendor/laravel/framework/src/Illuminate/Pipeline/Pipeline.php(183): Illuminate/View/Middleware/ShareErrorsFromSession->handle(Object(Illuminate/Http/Request), Object(Closure))
#29 D:/PROJECT RADIT/Toko_online-Laravel/vendor/laravel/framework/src/Illuminate/Session/Middleware/StartSession.php(121): Illuminate/Pipeline/Pipeline->{closure:{closure:Illuminate/Pipeline/Pipeline::carry():158}:159}(Object(Illuminate/Http/Request))
#30 D:/PROJECT RADIT/Toko_online-Laravel/vendor/laravel/framework/src/Illuminate/Session/Middleware/StartSession.php(64): Illuminate/Session/Middleware/StartSession->handleStatefulRequest(Object(Illuminate/Http/Request), Object(Illuminate/Session/Store), Object(Closure))
#31 D:/PROJECT RADIT/Toko_online-Laravel/vendor/laravel/framework/src/Illuminate/Pipeline/Pipeline.php(183): Illuminate/Session/Middleware/StartSession->handle(Object(Illuminate/Http/Request), Object(Closure))
#32 D:/PROJECT RADIT/Toko_online-Laravel/vendor/laravel/framework/src/Illuminate/Cookie/Middleware/AddQueuedCookiesToResponse.php(37): Illuminate/Pipeline/Pipeline->{closure:{closure:Illuminate/Pipeline/Pipeline::carry():158}:159}(Object(Illuminate/Http/Request))
#33 D:/PROJECT RADIT/Toko_online-Laravel/vendor/laravel/framework/src/Illuminate/Pipeline/Pipeline.php(183): Illuminate/Cookie/Middleware/AddQueuedCookiesToResponse->handle(Object(Illuminate/Http/Request), Object(Closure))
#34 D:/PROJECT RADIT/Toko_online-Laravel/vendor/laravel/framework/src/Illuminate/Cookie/Middleware/EncryptCookies.php(67): Illuminate/Pipeline/Pipeline->{closure:{closure:Illuminate/Pipeline/Pipeline::carry():158}:159}(Object(Illuminate/Http/Request))
#35 D:/PROJECT RADIT/Toko_online-Laravel/vendor/laravel/framework/src/Illuminate/Pipeline/Pipeline.php(183): Illuminate/Cookie/Middleware/EncryptCookies->handle(Object(Illuminate/Http/Request), Object(Closure))
#36 D:/PROJECT RADIT/Toko_online-Laravel/vendor/laravel/framework/src/Illuminate/Pipeline/Pipeline.php(119): Illuminate/Pipeline/Pipeline->{closure:{closure:Illuminate/Pipeline/Pipeline::carry():158}:159}(Object(Illuminate/Http/Request))
#37 D:/PROJECT RADIT/Toko_online-Laravel/vendor/laravel/framework/src/Illuminate/Routing/Router.php(805): Illuminate/Pipeline/Pipeline->then(Object(Closure))
#38 D:/PROJECT RADIT/Toko_online-Laravel/vendor/laravel/framework/src/Illuminate/Routing/Router.php(784): Illuminate/Routing/Router->runRouteWithinStack(Object(Illuminate/Routing/Route), Object(Illuminate/Http/Request))
#39 D:/PROJECT RADIT/Toko_online-Laravel/vendor/laravel/framework/src/Illuminate/Routing/Router.php(748): Illuminate/Routing/Router->runRoute(Object(Illuminate/Http/Request), Object(Illuminate/Routing/Route))
#40 D:/PROJECT RADIT/Toko_online-Laravel/vendor/laravel/framework/src/Illuminate/Routing/Router.php(737): Illuminate/Routing/Router->dispatchToRoute(Object(Illuminate/Http/Request))
#41 D:/PROJECT RADIT/Toko_online-Laravel/vendor/laravel/framework/src/Illuminate/Foundation/Http/Kernel.php(200): Illuminate/Routing/Router->dispatch(Object(Illuminate/Http/Request))
#42 D:/PROJECT RADIT/Toko_online-Laravel/vendor/laravel/framework/src/Illuminate/Pipeline/Pipeline.php(144): Illuminate/Foundation/Http/Kernel->{closure:Illuminate/Foundation/Http/Kernel::dispatchToRouter():197}(Object(Illuminate/Http/Request))
#43 D:/PROJECT RADIT/Toko_online-Laravel/vendor/laravel/framework/src/Illuminate/Foundation/Http/Middleware/TransformsRequest.php(21): Illuminate/Pipeline/Pipeline->{closure:Illuminate/Pipeline/Pipeline::prepareDestination():142}(Object(Illuminate/Http/Request))
#44 D:/PROJECT RADIT/Toko_online-Laravel/vendor/laravel/framework/src/Illuminate/Foundation/Http/Middleware/ConvertEmptyStringsToNull.php(31): Illuminate/Foundation/Http/Middleware/TransformsRequest->handle(Object(Illuminate/Http/Request), Object(Closure))
#45 D:/PROJECT RADIT/Toko_online-Laravel/vendor/laravel/framework/src/Illuminate/Pipeline/Pipeline.php(183): Illuminate/Foundation/Http/Middleware/ConvertEmptyStringsToNull->handle(Object(Illuminate/Http/Request), Object(Closure))
#46 D:/PROJECT RADIT/Toko_online-Laravel/vendor/laravel/framework/src/Illuminate/Foundation/Http/Middleware/TransformsRequest.php(21): Illuminate/Pipeline/Pipeline->{closure:{closure:Illuminate/Pipeline/Pipeline::carry():158}:159}(Object(Illuminate/Http/Request))
#47 D:/PROJECT RADIT/Toko_online-Laravel/vendor/laravel/framework/src/Illuminate/Foundation/Http/Middleware/TrimStrings.php(40): Illuminate/Foundation/Http/Middleware/TransformsRequest->handle(Object(Illuminate/Http/Request), Object(Closure))
#48 D:/PROJECT RADIT/Toko_online-Laravel/vendor/laravel/framework/src/Illuminate/Pipeline/Pipeline.php(183): Illuminate/Foundation/Http/Middleware/TrimStrings->handle(Object(Illuminate/Http/Request), Object(Closure))
#49 D:/PROJECT RADIT/Toko_online-Laravel/vendor/laravel/framework/src/Illuminate/Foundation/Http/Middleware/ValidatePostSize.php(27): Illuminate/Pipeline/Pipeline->{closure:{closure:Illuminate/Pipeline/Pipeline::carry():158}:159}(Object(Illuminate/Http/Request))
#50 D:/PROJECT RADIT/Toko_online-Laravel/vendor/laravel/framework/src/Illuminate/Pipeline/Pipeline.php(183): Illuminate/Foundation/Http/Middleware/ValidatePostSize->handle(Object(Illuminate/Http/Request), Object(Closure))
#51 D:/PROJECT RADIT/Toko_online-Laravel/vendor/laravel/framework/src/Illuminate/Foundation/Http/Middleware/PreventRequestsDuringMaintenance.php(99): Illuminate/Pipeline/Pipeline->{closure:{closure:Illuminate/Pipeline/Pipeline::carry():158}:159}(Object(Illuminate/Http/Request))
#52 D:/PROJECT RADIT/Toko_online-Laravel/vendor/laravel/framework/src/Illuminate/Pipeline/Pipeline.php(183): Illuminate/Foundation/Http/Middleware/PreventRequestsDuringMaintenance->handle(Object(Illuminate/Http/Request), Object(Closure))
#53 D:/PROJECT RADIT/Toko_online-Laravel/vendor/laravel/framework/src/Illuminate/Http/Middleware/HandleCors.php(49): Illuminate/Pipeline/Pipeline->{closure:{closure:Illuminate/Pipeline/Pipeline::carry():158}:159}(Object(Illuminate/Http/Request))
#54 D:/PROJECT RADIT/Toko_online-Laravel/vendor/laravel/framework/src/Illuminate/Pipeline/Pipeline.php(183): Illuminate/Http/Middleware/HandleCors->handle(Object(Illuminate/Http/Request), Object(Closure))
#55 D:/PROJECT RADIT/Toko_online-Laravel/vendor/laravel/framework/src/Illuminate/Http/Middleware/TrustProxies.php(39): Illuminate/Pipeline/Pipeline->{closure:{closure:Illuminate/Pipeline/Pipeline::carry():158}:159}(Object(Illuminate/Http/Request))
#56 D:/PROJECT RADIT/Toko_online-Laravel/vendor/laravel/framework/src/Illuminate/Pipeline/Pipeline.php(183): Illuminate/Http/Middleware/TrustProxies->handle(Object(Illuminate/Http/Request), Object(Closure))
#57 D:/PROJECT RADIT/Toko_online-Laravel/vendor/laravel/framework/src/Illuminate/Pipeline/Pipeline.php(119): Illuminate/Pipeline/Pipeline->{closure:{closure:Illuminate/Pipeline/Pipeline::carry():158}:159}(Object(Illuminate/Http/Request))
#58 D:/PROJECT RADIT/Toko_online-Laravel/vendor/laravel/framework/src/Illuminate/Foundation/Http/Kernel.php(175): Illuminate/Pipeline/Pipeline->then(Object(Closure))
#59 D:/PROJECT RADIT/Toko_online-Laravel/vendor/laravel/framework/src/Illuminate/Foundation/Http/Kernel.php(144): Illuminate/Foundation/Http/Kernel->sendRequestThroughRouter(Object(Illuminate/Http/Request))
#60 D:/PROJECT RADIT/Toko_online-Laravel/public/index.php(51): Illuminate/Foundation/Http/Kernel->handle(Object(Illuminate/Http/Request))
#61 D:/PROJECT RADIT/Toko_online-Laravel/vendor/laravel/framework/src/Illuminate/Foundation/resources/server.php(16): require_once('D://PROJECT RADI...')
#62 {main}
"} 
[2026-06-29 14:35:56] local.ERROR: imagepng(): Argument #1 ($image) must be of type GdImage, false given {"userId":1,"exception":"[object] (TypeError(code: 0): imagepng(): Argument #1 ($image) must be of type GdImage, false given at D:/PROJECT RADIT/Toko_online-Laravel/app/Helpers/ImageHelper.php:64)
[stacktrace]
#0 D:/PROJECT RADIT/Toko_online-Laravel/app/Helpers/ImageHelper.php(64): imagepng(false, 'D://PROJECT RADI...')
#1 D:/PROJECT RADIT/Toko_online-Laravel/app/Http/Controllers/ProdukController.php(64): App/Helpers/ImageHelper::uploadAndResize(Object(Illuminate/Http/UploadedFile), 'storage/img-pro...', '20260629143555_...')
#2 D:/PROJECT RADIT/Toko_online-Laravel/vendor/laravel/framework/src/Illuminate/Routing/Controller.php(54): App/Http/Controllers/ProdukController->store(Object(Illuminate/Http/Request))
#3 D:/PROJECT RADIT/Toko_online-Laravel/vendor/laravel/framework/src/Illuminate/Routing/ControllerDispatcher.php(43): Illuminate/Routing/Controller->callAction('store', Array)
#4 D:/PROJECT RADIT/Toko_online-Laravel/vendor/laravel/framework/src/Illuminate/Routing/Route.php(259): Illuminate/Routing/ControllerDispatcher->dispatch(Object(Illuminate/Routing/Route), Object(App/Http/Controllers/ProdukController), 'store')
#5 D:/PROJECT RADIT/Toko_online-Laravel/vendor/laravel/framework/src/Illuminate/Routing/Route.php(205): Illuminate/Routing/Route->runController()
#6 D:/PROJECT RADIT/Toko_online-Laravel/vendor/laravel/framework/src/Illuminate/Routing/Router.php(806): Illuminate/Routing/Route->run()
#7 D:/PROJECT RADIT/Toko_online-Laravel/vendor/laravel/framework/src/Illuminate/Pipeline/Pipeline.php(144): Illuminate/Routing/Router->{closure:Illuminate/Routing/Router::runRouteWithinStack():805}(Object(Illuminate/Http/Request))
#8 D:/PROJECT RADIT/Toko_online-Laravel/vendor/laravel/framework/src/Illuminate/Routing/Middleware/SubstituteBindings.php(50): Illuminate/Pipeline/Pipeline->{closure:Illuminate/Pipeline/Pipeline::prepareDestination():142}(Object(Illuminate/Http/Request))
#9 D:/PROJECT RADIT/Toko_online-Laravel/vendor/laravel/framework/src/Illuminate/Pipeline/Pipeline.php(183): Illuminate/Routing/Middleware/SubstituteBindings->handle(Object(Illuminate/Http/Request), Object(Closure))
#10 D:/PROJECT RADIT/Toko_online-Laravel/vendor/laravel/framework/src/Illuminate/Auth/Middleware/Authenticate.php(57): Illuminate/Pipeline/Pipeline->{closure:{closure:Illuminate/Pipeline/Pipeline::carry():158}:159}(Object(Illuminate/Http/Request))
#11 D:/PROJECT RADIT/Toko_online-Laravel/vendor/laravel/framework/src/Illuminate/Pipeline/Pipeline.php(183): Illuminate/Auth/Middleware/Authenticate->handle(Object(Illuminate/Http/Request), Object(Closure))
#12 D:/PROJECT RADIT/Toko_online-Laravel/vendor/laravel/framework/src/Illuminate/Foundation/Http/Middleware/VerifyCsrfToken.php(78): Illuminate/Pipeline/Pipeline->{closure:{closure:Illuminate/Pipeline/Pipeline::carry():158}:159}(Object(Illuminate/Http/Request))
#13 D:/PROJECT RADIT/Toko_online-Laravel/vendor/laravel/framework/src/Illuminate/Pipeline/Pipeline.php(183): Illuminate/Foundation/Http/Middleware/VerifyCsrfToken->handle(Object(Illuminate/Http/Request), Object(Closure))
#14 D:/PROJECT RADIT/Toko_online-Laravel/vendor/laravel/framework/src/Illuminate/View/Middleware/ShareErrorsFromSession.php(49): Illuminate/Pipeline/Pipeline->{closure:{closure:Illuminate/Pipeline/Pipeline::carry():158}:159}(Object(Illuminate/Http/Request))
#15 D:/PROJECT RADIT/Toko_online-Laravel/vendor/laravel/framework/src/Illuminate/Pipeline/Pipeline.php(183): Illuminate/View/Middleware/ShareErrorsFromSession->handle(Object(Illuminate/Http/Request), Object(Closure))
#16 D:/PROJECT RADIT/Toko_online-Laravel/vendor/laravel/framework/src/Illuminate/Session/Middleware/StartSession.php(121): Illuminate/Pipeline/Pipeline->{closure:{closure:Illuminate/Pipeline/Pipeline::carry():158}:159}(Object(Illuminate/Http/Request))
#17 D:/PROJECT RADIT/Toko_online-Laravel/vendor/laravel/framework/src/Illuminate/Session/Middleware/StartSession.php(64): Illuminate/Session/Middleware/StartSession->handleStatefulRequest(Object(Illuminate/Http/Request), Object(Illuminate/Session/Store), Object(Closure))
#18 D:/PROJECT RADIT/Toko_online-Laravel/vendor/laravel/framework/src/Illuminate/Pipeline/Pipeline.php(183): Illuminate/Session/Middleware/StartSession->handle(Object(Illuminate/Http/Request), Object(Closure))
#19 D:/PROJECT RADIT/Toko_online-Laravel/vendor/laravel/framework/src/Illuminate/Cookie/Middleware/AddQueuedCookiesToResponse.php(37): Illuminate/Pipeline/Pipeline->{closure:{closure:Illuminate/Pipeline/Pipeline::carry():158}:159}(Object(Illuminate/Http/Request))
#20 D:/PROJECT RADIT/Toko_online-Laravel/vendor/laravel/framework/src/Illuminate/Pipeline/Pipeline.php(183): Illuminate/Cookie/Middleware/AddQueuedCookiesToResponse->handle(Object(Illuminate/Http/Request), Object(Closure))
#21 D:/PROJECT RADIT/Toko_online-Laravel/vendor/laravel/framework/src/Illuminate/Cookie/Middleware/EncryptCookies.php(67): Illuminate/Pipeline/Pipeline->{closure:{closure:Illuminate/Pipeline/Pipeline::carry():158}:159}(Object(Illuminate/Http/Request))
#22 D:/PROJECT RADIT/Toko_online-Laravel/vendor/laravel/framework/src/Illuminate/Pipeline/Pipeline.php(183): Illuminate/Cookie/Middleware/EncryptCookies->handle(Object(Illuminate/Http/Request), Object(Closure))
#23 D:/PROJECT RADIT/Toko_online-Laravel/vendor/laravel/framework/src/Illuminate/Pipeline/Pipeline.php(119): Illuminate/Pipeline/Pipeline->{closure:{closure:Illuminate/Pipeline/Pipeline::carry():158}:159}(Object(Illuminate/Http/Request))
#24 D:/PROJECT RADIT/Toko_online-Laravel/vendor/laravel/framework/src/Illuminate/Routing/Router.php(805): Illuminate/Pipeline/Pipeline->then(Object(Closure))
#25 D:/PROJECT RADIT/Toko_online-Laravel/vendor/laravel/framework/src/Illuminate/Routing/Router.php(784): Illuminate/Routing/Router->runRouteWithinStack(Object(Illuminate/Routing/Route), Object(Illuminate/Http/Request))
#26 D:/PROJECT RADIT/Toko_online-Laravel/vendor/laravel/framework/src/Illuminate/Routing/Router.php(748): Illuminate/Routing/Router->runRoute(Object(Illuminate/Http/Request), Object(Illuminate/Routing/Route))
#27 D:/PROJECT RADIT/Toko_online-Laravel/vendor/laravel/framework/src/Illuminate/Routing/Router.php(737): Illuminate/Routing/Router->dispatchToRoute(Object(Illuminate/Http/Request))
#28 D:/PROJECT RADIT/Toko_online-Laravel/vendor/laravel/framework/src/Illuminate/Foundation/Http/Kernel.php(200): Illuminate/Routing/Router->dispatch(Object(Illuminate/Http/Request))
#29 D:/PROJECT RADIT/Toko_online-Laravel/vendor/laravel/framework/src/Illuminate/Pipeline/Pipeline.php(144): Illuminate/Foundation/Http/Kernel->{closure:Illuminate/Foundation/Http/Kernel::dispatchToRouter():197}(Object(Illuminate/Http/Request))
#30 D:/PROJECT RADIT/Toko_online-Laravel/vendor/laravel/framework/src/Illuminate/Foundation/Http/Middleware/TransformsRequest.php(21): Illuminate/Pipeline/Pipeline->{closure:Illuminate/Pipeline/Pipeline::prepareDestination():142}(Object(Illuminate/Http/Request))
#31 D:/PROJECT RADIT/Toko_online-Laravel/vendor/laravel/framework/src/Illuminate/Foundation/Http/Middleware/ConvertEmptyStringsToNull.php(31): Illuminate/Foundation/Http/Middleware/TransformsRequest->handle(Object(Illuminate/Http/Request), Object(Closure))
#32 D:/PROJECT RADIT/Toko_online-Laravel/vendor/laravel/framework/src/Illuminate/Pipeline/Pipeline.php(183): Illuminate/Foundation/Http/Middleware/ConvertEmptyStringsToNull->handle(Object(Illuminate/Http/Request), Object(Closure))
#33 D:/PROJECT RADIT/Toko_online-Laravel/vendor/laravel/framework/src/Illuminate/Foundation/Http/Middleware/TransformsRequest.php(21): Illuminate/Pipeline/Pipeline->{closure:{closure:Illuminate/Pipeline/Pipeline::carry():158}:159}(Object(Illuminate/Http/Request))
#34 D:/PROJECT RADIT/Toko_online-Laravel/vendor/laravel/framework/src/Illuminate/Foundation/Http/Middleware/TrimStrings.php(40): Illuminate/Foundation/Http/Middleware/TransformsRequest->handle(Object(Illuminate/Http/Request), Object(Closure))
#35 D:/PROJECT RADIT/Toko_online-Laravel/vendor/laravel/framework/src/Illuminate/Pipeline/Pipeline.php(183): Illuminate/Foundation/Http/Middleware/TrimStrings->handle(Object(Illuminate/Http/Request), Object(Closure))
#36 D:/PROJECT RADIT/Toko_online-Laravel/vendor/laravel/framework/src/Illuminate/Foundation/Http/Middleware/ValidatePostSize.php(27): Illuminate/Pipeline/Pipeline->{closure:{closure:Illuminate/Pipeline/Pipeline::carry():158}:159}(Object(Illuminate/Http/Request))
#37 D:/PROJECT RADIT/Toko_online-Laravel/vendor/laravel/framework/src/Illuminate/Pipeline/Pipeline.php(183): Illuminate/Foundation/Http/Middleware/ValidatePostSize->handle(Object(Illuminate/Http/Request), Object(Closure))
#38 D:/PROJECT RADIT/Toko_online-Laravel/vendor/laravel/framework/src/Illuminate/Foundation/Http/Middleware/PreventRequestsDuringMaintenance.php(99): Illuminate/Pipeline/Pipeline->{closure:{closure:Illuminate/Pipeline/Pipeline::carry():158}:159}(Object(Illuminate/Http/Request))
#39 D:/PROJECT RADIT/Toko_online-Laravel/vendor/laravel/framework/src/Illuminate/Pipeline/Pipeline.php(183): Illuminate/Foundation/Http/Middleware/PreventRequestsDuringMaintenance->handle(Object(Illuminate/Http/Request), Object(Closure))
#40 D:/PROJECT RADIT/Toko_online-Laravel/vendor/laravel/framework/src/Illuminate/Http/Middleware/HandleCors.php(49): Illuminate/Pipeline/Pipeline->{closure:{closure:Illuminate/Pipeline/Pipeline::carry():158}:159}(Object(Illuminate/Http/Request))
#41 D:/PROJECT RADIT/Toko_online-Laravel/vendor/laravel/framework/src/Illuminate/Pipeline/Pipeline.php(183): Illuminate/Http/Middleware/HandleCors->handle(Object(Illuminate/Http/Request), Object(Closure))
#42 D:/PROJECT RADIT/Toko_online-Laravel/vendor/laravel/framework/src/Illuminate/Http/Middleware/TrustProxies.php(39): Illuminate/Pipeline/Pipeline->{closure:{closure:Illuminate/Pipeline/Pipeline::carry():158}:159}(Object(Illuminate/Http/Request))
#43 D:/PROJECT RADIT/Toko_online-Laravel/vendor/laravel/framework/src/Illuminate/Pipeline/Pipeline.php(183): Illuminate/Http/Middleware/TrustProxies->handle(Object(Illuminate/Http/Request), Object(Closure))
#44 D:/PROJECT RADIT/Toko_online-Laravel/vendor/laravel/framework/src/Illuminate/Pipeline/Pipeline.php(119): Illuminate/Pipeline/Pipeline->{closure:{closure:Illuminate/Pipeline/Pipeline::carry():158}:159}(Object(Illuminate/Http/Request))
#45 D:/PROJECT RADIT/Toko_online-Laravel/vendor/laravel/framework/src/Illuminate/Foundation/Http/Kernel.php(175): Illuminate/Pipeline/Pipeline->then(Object(Closure))
#46 D:/PROJECT RADIT/Toko_online-Laravel/vendor/laravel/framework/src/Illuminate/Foundation/Http/Kernel.php(144): Illuminate/Foundation/Http/Kernel->sendRequestThroughRouter(Object(Illuminate/Http/Request))
#47 D:/PROJECT RADIT/Toko_online-Laravel/public/index.php(51): Illuminate/Foundation/Http/Kernel->handle(Object(Illuminate/Http/Request))
#48 D:/PROJECT RADIT/Toko_online-Laravel/vendor/laravel/framework/src/Illuminate/Foundation/resources/server.php(16): require_once('D://PROJECT RADI...')
#49 {main}
"} 
[2026-06-29 14:39:33] local.ERROR: Failed to process image. File might be corrupted or not a valid image format. {"userId":1,"exception":"[object] (Exception(code: 0): Failed to process image. File might be corrupted or not a valid image format. at D:/PROJECT RADIT/Toko_online-Laravel/app/Helpers/ImageHelper.php:35)
[stacktrace]
#0 D:/PROJECT RADIT/Toko_online-Laravel/app/Http/Controllers/ProdukController.php(64): App/Helpers/ImageHelper::uploadAndResize(Object(Illuminate/Http/UploadedFile), 'storage/img-pro...', '20260629143933_...')
#1 D:/PROJECT RADIT/Toko_online-Laravel/vendor/laravel/framework/src/Illuminate/Routing/Controller.php(54): App/Http/Controllers/ProdukController->store(Object(Illuminate/Http/Request))
#2 D:/PROJECT RADIT/Toko_online-Laravel/vendor/laravel/framework/src/Illuminate/Routing/ControllerDispatcher.php(43): Illuminate/Routing/Controller->callAction('store', Array)
#3 D:/PROJECT RADIT/Toko_online-Laravel/vendor/laravel/framework/src/Illuminate/Routing/Route.php(259): Illuminate/Routing/ControllerDispatcher->dispatch(Object(Illuminate/Routing/Route), Object(App/Http/Controllers/ProdukController), 'store')
#4 D:/PROJECT RADIT/Toko_online-Laravel/vendor/laravel/framework/src/Illuminate/Routing/Route.php(205): Illuminate/Routing/Route->runController()
#5 D:/PROJECT RADIT/Toko_online-Laravel/vendor/laravel/framework/src/Illuminate/Routing/Router.php(806): Illuminate/Routing/Route->run()
#6 D:/PROJECT RADIT/Toko_online-Laravel/vendor/laravel/framework/src/Illuminate/Pipeline/Pipeline.php(144): Illuminate/Routing/Router->{closure:Illuminate/Routing/Router::runRouteWithinStack():805}(Object(Illuminate/Http/Request))
#7 D:/PROJECT RADIT/Toko_online-Laravel/vendor/laravel/framework/src/Illuminate/Routing/Middleware/SubstituteBindings.php(50): Illuminate/Pipeline/Pipeline->{closure:Illuminate/Pipeline/Pipeline::prepareDestination():142}(Object(Illuminate/Http/Request))
#8 D:/PROJECT RADIT/Toko_online-Laravel/vendor/laravel/framework/src/Illuminate/Pipeline/Pipeline.php(183): Illuminate/Routing/Middleware/SubstituteBindings->handle(Object(Illuminate/Http/Request), Object(Closure))
#9 D:/PROJECT RADIT/Toko_online-Laravel/vendor/laravel/framework/src/Illuminate/Auth/Middleware/Authenticate.php(57): Illuminate/Pipeline/Pipeline->{closure:{closure:Illuminate/Pipeline/Pipeline::carry():158}:159}(Object(Illuminate/Http/Request))
#10 D:/PROJECT RADIT/Toko_online-Laravel/vendor/laravel/framework/src/Illuminate/Pipeline/Pipeline.php(183): Illuminate/Auth/Middleware/Authenticate->handle(Object(Illuminate/Http/Request), Object(Closure))
#11 D:/PROJECT RADIT/Toko_online-Laravel/vendor/laravel/framework/src/Illuminate/Foundation/Http/Middleware/VerifyCsrfToken.php(78): Illuminate/Pipeline/Pipeline->{closure:{closure:Illuminate/Pipeline/Pipeline::carry():158}:159}(Object(Illuminate/Http/Request))
#12 D:/PROJECT RADIT/Toko_online-Laravel/vendor/laravel/framework/src/Illuminate/Pipeline/Pipeline.php(183): Illuminate/Foundation/Http/Middleware/VerifyCsrfToken->handle(Object(Illuminate/Http/Request), Object(Closure))
#13 D:/PROJECT RADIT/Toko_online-Laravel/vendor/laravel/framework/src/Illuminate/View/Middleware/ShareErrorsFromSession.php(49): Illuminate/Pipeline/Pipeline->{closure:{closure:Illuminate/Pipeline/Pipeline::carry():158}:159}(Object(Illuminate/Http/Request))
#14 D:/PROJECT RADIT/Toko_online-Laravel/vendor/laravel/framework/src/Illuminate/Pipeline/Pipeline.php(183): Illuminate/View/Middleware/ShareErrorsFromSession->handle(Object(Illuminate/Http/Request), Object(Closure))
#15 D:/PROJECT RADIT/Toko_online-Laravel/vendor/laravel/framework/src/Illuminate/Session/Middleware/StartSession.php(121): Illuminate/Pipeline/Pipeline->{closure:{closure:Illuminate/Pipeline/Pipeline::carry():158}:159}(Object(Illuminate/Http/Request))
#16 D:/PROJECT RADIT/Toko_online-Laravel/vendor/laravel/framework/src/Illuminate/Session/Middleware/StartSession.php(64): Illuminate/Session/Middleware/StartSession->handleStatefulRequest(Object(Illuminate/Http/Request), Object(Illuminate/Session/Store), Object(Closure))
#17 D:/PROJECT RADIT/Toko_online-Laravel/vendor/laravel/framework/src/Illuminate/Pipeline/Pipeline.php(183): Illuminate/Session/Middleware/StartSession->handle(Object(Illuminate/Http/Request), Object(Closure))
#18 D:/PROJECT RADIT/Toko_online-Laravel/vendor/laravel/framework/src/Illuminate/Cookie/Middleware/AddQueuedCookiesToResponse.php(37): Illuminate/Pipeline/Pipeline->{closure:{closure:Illuminate/Pipeline/Pipeline::carry():158}:159}(Object(Illuminate/Http/Request))
#19 D:/PROJECT RADIT/Toko_online-Laravel/vendor/laravel/framework/src/Illuminate/Pipeline/Pipeline.php(183): Illuminate/Cookie/Middleware/AddQueuedCookiesToResponse->handle(Object(Illuminate/Http/Request), Object(Closure))
#20 D:/PROJECT RADIT/Toko_online-Laravel/vendor/laravel/framework/src/Illuminate/Cookie/Middleware/EncryptCookies.php(67): Illuminate/Pipeline/Pipeline->{closure:{closure:Illuminate/Pipeline/Pipeline::carry():158}:159}(Object(Illuminate/Http/Request))
#21 D:/PROJECT RADIT/Toko_online-Laravel/vendor/laravel/framework/src/Illuminate/Pipeline/Pipeline.php(183): Illuminate/Cookie/Middleware/EncryptCookies->handle(Object(Illuminate/Http/Request), Object(Closure))
#22 D:/PROJECT RADIT/Toko_online-Laravel/vendor/laravel/framework/src/Illuminate/Pipeline/Pipeline.php(119): Illuminate/Pipeline/Pipeline->{closure:{closure:Illuminate/Pipeline/Pipeline::carry():158}:159}(Object(Illuminate/Http/Request))
#23 D:/PROJECT RADIT/Toko_online-Laravel/vendor/laravel/framework/src/Illuminate/Routing/Router.php(805): Illuminate/Pipeline/Pipeline->then(Object(Closure))
#24 D:/PROJECT RADIT/Toko_online-Laravel/vendor/laravel/framework/src/Illuminate/Routing/Router.php(784): Illuminate/Routing/Router->runRouteWithinStack(Object(Illuminate/Routing/Route), Object(Illuminate/Http/Request))
#25 D:/PROJECT RADIT/Toko_online-Laravel/vendor/laravel/framework/src/Illuminate/Routing/Router.php(748): Illuminate/Routing/Router->runRoute(Object(Illuminate/Http/Request), Object(Illuminate/Routing/Route))
#26 D:/PROJECT RADIT/Toko_online-Laravel/vendor/laravel/framework/src/Illuminate/Routing/Router.php(737): Illuminate/Routing/Router->dispatchToRoute(Object(Illuminate/Http/Request))
#27 D:/PROJECT RADIT/Toko_online-Laravel/vendor/laravel/framework/src/Illuminate/Foundation/Http/Kernel.php(200): Illuminate/Routing/Router->dispatch(Object(Illuminate/Http/Request))
#28 D:/PROJECT RADIT/Toko_online-Laravel/vendor/laravel/framework/src/Illuminate/Pipeline/Pipeline.php(144): Illuminate/Foundation/Http/Kernel->{closure:Illuminate/Foundation/Http/Kernel::dispatchToRouter():197}(Object(Illuminate/Http/Request))
#29 D:/PROJECT RADIT/Toko_online-Laravel/vendor/laravel/framework/src/Illuminate/Foundation/Http/Middleware/TransformsRequest.php(21): Illuminate/Pipeline/Pipeline->{closure:Illuminate/Pipeline/Pipeline::prepareDestination():142}(Object(Illuminate/Http/Request))
#30 D:/PROJECT RADIT/Toko_online-Laravel/vendor/laravel/framework/src/Illuminate/Foundation/Http/Middleware/ConvertEmptyStringsToNull.php(31): Illuminate/Foundation/Http/Middleware/TransformsRequest->handle(Object(Illuminate/Http/Request), Object(Closure))
#31 D:/PROJECT RADIT/Toko_online-Laravel/vendor/laravel/framework/src/Illuminate/Pipeline/Pipeline.php(183): Illuminate/Foundation/Http/Middleware/ConvertEmptyStringsToNull->handle(Object(Illuminate/Http/Request), Object(Closure))
#32 D:/PROJECT RADIT/Toko_online-Laravel/vendor/laravel/framework/src/Illuminate/Foundation/Http/Middleware/TransformsRequest.php(21): Illuminate/Pipeline/Pipeline->{closure:{closure:Illuminate/Pipeline/Pipeline::carry():158}:159}(Object(Illuminate/Http/Request))
#33 D:/PROJECT RADIT/Toko_online-Laravel/vendor/laravel/framework/src/Illuminate/Foundation/Http/Middleware/TrimStrings.php(40): Illuminate/Foundation/Http/Middleware/TransformsRequest->handle(Object(Illuminate/Http/Request), Object(Closure))
#34 D:/PROJECT RADIT/Toko_online-Laravel/vendor/laravel/framework/src/Illuminate/Pipeline/Pipeline.php(183): Illuminate/Foundation/Http/Middleware/TrimStrings->handle(Object(Illuminate/Http/Request), Object(Closure))
#35 D:/PROJECT RADIT/Toko_online-Laravel/vendor/laravel/framework/src/Illuminate/Foundation/Http/Middleware/ValidatePostSize.php(27): Illuminate/Pipeline/Pipeline->{closure:{closure:Illuminate/Pipeline/Pipeline::carry():158}:159}(Object(Illuminate/Http/Request))
#36 D:/PROJECT RADIT/Toko_online-Laravel/vendor/laravel/framework/src/Illuminate/Pipeline/Pipeline.php(183): Illuminate/Foundation/Http/Middleware/ValidatePostSize->handle(Object(Illuminate/Http/Request), Object(Closure))
#37 D:/PROJECT RADIT/Toko_online-Laravel/vendor/laravel/framework/src/Illuminate/Foundation/Http/Middleware/PreventRequestsDuringMaintenance.php(99): Illuminate/Pipeline/Pipeline->{closure:{closure:Illuminate/Pipeline/Pipeline::carry():158}:159}(Object(Illuminate/Http/Request))
#38 D:/PROJECT RADIT/Toko_online-Laravel/vendor/laravel/framework/src/Illuminate/Pipeline/Pipeline.php(183): Illuminate/Foundation/Http/Middleware/PreventRequestsDuringMaintenance->handle(Object(Illuminate/Http/Request), Object(Closure))
#39 D:/PROJECT RADIT/Toko_online-Laravel/vendor/laravel/framework/src/Illuminate/Http/Middleware/HandleCors.php(49): Illuminate/Pipeline/Pipeline->{closure:{closure:Illuminate/Pipeline/Pipeline::carry():158}:159}(Object(Illuminate/Http/Request))
#40 D:/PROJECT RADIT/Toko_online-Laravel/vendor/laravel/framework/src/Illuminate/Pipeline/Pipeline.php(183): Illuminate/Http/Middleware/HandleCors->handle(Object(Illuminate/Http/Request), Object(Closure))
#41 D:/PROJECT RADIT/Toko_online-Laravel/vendor/laravel/framework/src/Illuminate/Http/Middleware/TrustProxies.php(39): Illuminate/Pipeline/Pipeline->{closure:{closure:Illuminate/Pipeline/Pipeline::carry():158}:159}(Object(Illuminate/Http/Request))
#42 D:/PROJECT RADIT/Toko_online-Laravel/vendor/laravel/framework/src/Illuminate/Pipeline/Pipeline.php(183): Illuminate/Http/Middleware/TrustProxies->handle(Object(Illuminate/Http/Request), Object(Closure))
#43 D:/PROJECT RADIT/Toko_online-Laravel/vendor/laravel/framework/src/Illuminate/Pipeline/Pipeline.php(119): Illuminate/Pipeline/Pipeline->{closure:{closure:Illuminate/Pipeline/Pipeline::carry():158}:159}(Object(Illuminate/Http/Request))
#44 D:/PROJECT RADIT/Toko_online-Laravel/vendor/laravel/framework/src/Illuminate/Foundation/Http/Kernel.php(175): Illuminate/Pipeline/Pipeline->then(Object(Closure))
#45 D:/PROJECT RADIT/Toko_online-Laravel/vendor/laravel/framework/src/Illuminate/Foundation/Http/Kernel.php(144): Illuminate/Foundation/Http/Kernel->sendRequestThroughRouter(Object(Illuminate/Http/Request))
#46 D:/PROJECT RADIT/Toko_online-Laravel/public/index.php(51): Illuminate/Foundation/Http/Kernel->handle(Object(Illuminate/Http/Request))
#47 D:/PROJECT RADIT/Toko_online-Laravel/vendor/laravel/framework/src/Illuminate/Foundation/resources/server.php(16): require_once('D://PROJECT RADI...')
#48 {main}
"} 
[2026-06-29 14:40:27] local.ERROR: Failed to process image. File might be corrupted or not a valid image format. {"userId":1,"exception":"[object] (Exception(code: 0): Failed to process image. File might be corrupted or not a valid image format. at D:/PROJECT RADIT/Toko_online-Laravel/app/Helpers/ImageHelper.php:35)
[stacktrace]
#0 D:/PROJECT RADIT/Toko_online-Laravel/app/Http/Controllers/ProdukController.php(64): App/Helpers/ImageHelper::uploadAndResize(Object(Illuminate/Http/UploadedFile), 'storage/img-pro...', '20260629144027_...')
#1 D:/PROJECT RADIT/Toko_online-Laravel/vendor/laravel/framework/src/Illuminate/Routing/Controller.php(54): App/Http/Controllers/ProdukController->store(Object(Illuminate/Http/Request))
#2 D:/PROJECT RADIT/Toko_online-Laravel/vendor/laravel/framework/src/Illuminate/Routing/ControllerDispatcher.php(43): Illuminate/Routing/Controller->callAction('store', Array)
#3 D:/PROJECT RADIT/Toko_online-Laravel/vendor/laravel/framework/src/Illuminate/Routing/Route.php(259): Illuminate/Routing/ControllerDispatcher->dispatch(Object(Illuminate/Routing/Route), Object(App/Http/Controllers/ProdukController), 'store')
#4 D:/PROJECT RADIT/Toko_online-Laravel/vendor/laravel/framework/src/Illuminate/Routing/Route.php(205): Illuminate/Routing/Route->runController()
#5 D:/PROJECT RADIT/Toko_online-Laravel/vendor/laravel/framework/src/Illuminate/Routing/Router.php(806): Illuminate/Routing/Route->run()
#6 D:/PROJECT RADIT/Toko_online-Laravel/vendor/laravel/framework/src/Illuminate/Pipeline/Pipeline.php(144): Illuminate/Routing/Router->{closure:Illuminate/Routing/Router::runRouteWithinStack():805}(Object(Illuminate/Http/Request))
#7 D:/PROJECT RADIT/Toko_online-Laravel/vendor/laravel/framework/src/Illuminate/Routing/Middleware/SubstituteBindings.php(50): Illuminate/Pipeline/Pipeline->{closure:Illuminate/Pipeline/Pipeline::prepareDestination():142}(Object(Illuminate/Http/Request))
#8 D:/PROJECT RADIT/Toko_online-Laravel/vendor/laravel/framework/src/Illuminate/Pipeline/Pipeline.php(183): Illuminate/Routing/Middleware/SubstituteBindings->handle(Object(Illuminate/Http/Request), Object(Closure))
#9 D:/PROJECT RADIT/Toko_online-Laravel/vendor/laravel/framework/src/Illuminate/Auth/Middleware/Authenticate.php(57): Illuminate/Pipeline/Pipeline->{closure:{closure:Illuminate/Pipeline/Pipeline::carry():158}:159}(Object(Illuminate/Http/Request))
#10 D:/PROJECT RADIT/Toko_online-Laravel/vendor/laravel/framework/src/Illuminate/Pipeline/Pipeline.php(183): Illuminate/Auth/Middleware/Authenticate->handle(Object(Illuminate/Http/Request), Object(Closure))
#11 D:/PROJECT RADIT/Toko_online-Laravel/vendor/laravel/framework/src/Illuminate/Foundation/Http/Middleware/VerifyCsrfToken.php(78): Illuminate/Pipeline/Pipeline->{closure:{closure:Illuminate/Pipeline/Pipeline::carry():158}:159}(Object(Illuminate/Http/Request))
#12 D:/PROJECT RADIT/Toko_online-Laravel/vendor/laravel/framework/src/Illuminate/Pipeline/Pipeline.php(183): Illuminate/Foundation/Http/Middleware/VerifyCsrfToken->handle(Object(Illuminate/Http/Request), Object(Closure))
#13 D:/PROJECT RADIT/Toko_online-Laravel/vendor/laravel/framework/src/Illuminate/View/Middleware/ShareErrorsFromSession.php(49): Illuminate/Pipeline/Pipeline->{closure:{closure:Illuminate/Pipeline/Pipeline::carry():158}:159}(Object(Illuminate/Http/Request))
#14 D:/PROJECT RADIT/Toko_online-Laravel/vendor/laravel/framework/src/Illuminate/Pipeline/Pipeline.php(183): Illuminate/View/Middleware/ShareErrorsFromSession->handle(Object(Illuminate/Http/Request), Object(Closure))
#15 D:/PROJECT RADIT/Toko_online-Laravel/vendor/laravel/framework/src/Illuminate/Session/Middleware/StartSession.php(121): Illuminate/Pipeline/Pipeline->{closure:{closure:Illuminate/Pipeline/Pipeline::carry():158}:159}(Object(Illuminate/Http/Request))
#16 D:/PROJECT RADIT/Toko_online-Laravel/vendor/laravel/framework/src/Illuminate/Session/Middleware/StartSession.php(64): Illuminate/Session/Middleware/StartSession->handleStatefulRequest(Object(Illuminate/Http/Request), Object(Illuminate/Session/Store), Object(Closure))
#17 D:/PROJECT RADIT/Toko_online-Laravel/vendor/laravel/framework/src/Illuminate/Pipeline/Pipeline.php(183): Illuminate/Session/Middleware/StartSession->handle(Object(Illuminate/Http/Request), Object(Closure))
#18 D:/PROJECT RADIT/Toko_online-Laravel/vendor/laravel/framework/src/Illuminate/Cookie/Middleware/AddQueuedCookiesToResponse.php(37): Illuminate/Pipeline/Pipeline->{closure:{closure:Illuminate/Pipeline/Pipeline::carry():158}:159}(Object(Illuminate/Http/Request))
#19 D:/PROJECT RADIT/Toko_online-Laravel/vendor/laravel/framework/src/Illuminate/Pipeline/Pipeline.php(183): Illuminate/Cookie/Middleware/AddQueuedCookiesToResponse->handle(Object(Illuminate/Http/Request), Object(Closure))
#20 D:/PROJECT RADIT/Toko_online-Laravel/vendor/laravel/framework/src/Illuminate/Cookie/Middleware/EncryptCookies.php(67): Illuminate/Pipeline/Pipeline->{closure:{closure:Illuminate/Pipeline/Pipeline::carry():158}:159}(Object(Illuminate/Http/Request))
#21 D:/PROJECT RADIT/Toko_online-Laravel/vendor/laravel/framework/src/Illuminate/Pipeline/Pipeline.php(183): Illuminate/Cookie/Middleware/EncryptCookies->handle(Object(Illuminate/Http/Request), Object(Closure))
#22 D:/PROJECT RADIT/Toko_online-Laravel/vendor/laravel/framework/src/Illuminate/Pipeline/Pipeline.php(119): Illuminate/Pipeline/Pipeline->{closure:{closure:Illuminate/Pipeline/Pipeline::carry():158}:159}(Object(Illuminate/Http/Request))
#23 D:/PROJECT RADIT/Toko_online-Laravel/vendor/laravel/framework/src/Illuminate/Routing/Router.php(805): Illuminate/Pipeline/Pipeline->then(Object(Closure))
#24 D:/PROJECT RADIT/Toko_online-Laravel/vendor/laravel/framework/src/Illuminate/Routing/Router.php(784): Illuminate/Routing/Router->runRouteWithinStack(Object(Illuminate/Routing/Route), Object(Illuminate/Http/Request))
#25 D:/PROJECT RADIT/Toko_online-Laravel/vendor/laravel/framework/src/Illuminate/Routing/Router.php(748): Illuminate/Routing/Router->runRoute(Object(Illuminate/Http/Request), Object(Illuminate/Routing/Route))
#26 D:/PROJECT RADIT/Toko_online-Laravel/vendor/laravel/framework/src/Illuminate/Routing/Router.php(737): Illuminate/Routing/Router->dispatchToRoute(Object(Illuminate/Http/Request))
#27 D:/PROJECT RADIT/Toko_online-Laravel/vendor/laravel/framework/src/Illuminate/Foundation/Http/Kernel.php(200): Illuminate/Routing/Router->dispatch(Object(Illuminate/Http/Request))
#28 D:/PROJECT RADIT/Toko_online-Laravel/vendor/laravel/framework/src/Illuminate/Pipeline/Pipeline.php(144): Illuminate/Foundation/Http/Kernel->{closure:Illuminate/Foundation/Http/Kernel::dispatchToRouter():197}(Object(Illuminate/Http/Request))
#29 D:/PROJECT RADIT/Toko_online-Laravel/vendor/laravel/framework/src/Illuminate/Foundation/Http/Middleware/TransformsRequest.php(21): Illuminate/Pipeline/Pipeline->{closure:Illuminate/Pipeline/Pipeline::prepareDestination():142}(Object(Illuminate/Http/Request))
#30 D:/PROJECT RADIT/Toko_online-Laravel/vendor/laravel/framework/src/Illuminate/Foundation/Http/Middleware/ConvertEmptyStringsToNull.php(31): Illuminate/Foundation/Http/Middleware/TransformsRequest->handle(Object(Illuminate/Http/Request), Object(Closure))
#31 D:/PROJECT RADIT/Toko_online-Laravel/vendor/laravel/framework/src/Illuminate/Pipeline/Pipeline.php(183): Illuminate/Foundation/Http/Middleware/ConvertEmptyStringsToNull->handle(Object(Illuminate/Http/Request), Object(Closure))
#32 D:/PROJECT RADIT/Toko_online-Laravel/vendor/laravel/framework/src/Illuminate/Foundation/Http/Middleware/TransformsRequest.php(21): Illuminate/Pipeline/Pipeline->{closure:{closure:Illuminate/Pipeline/Pipeline::carry():158}:159}(Object(Illuminate/Http/Request))
#33 D:/PROJECT RADIT/Toko_online-Laravel/vendor/laravel/framework/src/Illuminate/Foundation/Http/Middleware/TrimStrings.php(40): Illuminate/Foundation/Http/Middleware/TransformsRequest->handle(Object(Illuminate/Http/Request), Object(Closure))
#34 D:/PROJECT RADIT/Toko_online-Laravel/vendor/laravel/framework/src/Illuminate/Pipeline/Pipeline.php(183): Illuminate/Foundation/Http/Middleware/TrimStrings->handle(Object(Illuminate/Http/Request), Object(Closure))
#35 D:/PROJECT RADIT/Toko_online-Laravel/vendor/laravel/framework/src/Illuminate/Foundation/Http/Middleware/ValidatePostSize.php(27): Illuminate/Pipeline/Pipeline->{closure:{closure:Illuminate/Pipeline/Pipeline::carry():158}:159}(Object(Illuminate/Http/Request))
#36 D:/PROJECT RADIT/Toko_online-Laravel/vendor/laravel/framework/src/Illuminate/Pipeline/Pipeline.php(183): Illuminate/Foundation/Http/Middleware/ValidatePostSize->handle(Object(Illuminate/Http/Request), Object(Closure))
#37 D:/PROJECT RADIT/Toko_online-Laravel/vendor/laravel/framework/src/Illuminate/Foundation/Http/Middleware/PreventRequestsDuringMaintenance.php(99): Illuminate/Pipeline/Pipeline->{closure:{closure:Illuminate/Pipeline/Pipeline::carry():158}:159}(Object(Illuminate/Http/Request))
#38 D:/PROJECT RADIT/Toko_online-Laravel/vendor/laravel/framework/src/Illuminate/Pipeline/Pipeline.php(183): Illuminate/Foundation/Http/Middleware/PreventRequestsDuringMaintenance->handle(Object(Illuminate/Http/Request), Object(Closure))
#39 D:/PROJECT RADIT/Toko_online-Laravel/vendor/laravel/framework/src/Illuminate/Http/Middleware/HandleCors.php(49): Illuminate/Pipeline/Pipeline->{closure:{closure:Illuminate/Pipeline/Pipeline::carry():158}:159}(Object(Illuminate/Http/Request))
#40 D:/PROJECT RADIT/Toko_online-Laravel/vendor/laravel/framework/src/Illuminate/Pipeline/Pipeline.php(183): Illuminate/Http/Middleware/HandleCors->handle(Object(Illuminate/Http/Request), Object(Closure))
#41 D:/PROJECT RADIT/Toko_online-Laravel/vendor/laravel/framework/src/Illuminate/Http/Middleware/TrustProxies.php(39): Illuminate/Pipeline/Pipeline->{closure:{closure:Illuminate/Pipeline/Pipeline::carry():158}:159}(Object(Illuminate/Http/Request))
#42 D:/PROJECT RADIT/Toko_online-Laravel/vendor/laravel/framework/src/Illuminate/Pipeline/Pipeline.php(183): Illuminate/Http/Middleware/TrustProxies->handle(Object(Illuminate/Http/Request), Object(Closure))
#43 D:/PROJECT RADIT/Toko_online-Laravel/vendor/laravel/framework/src/Illuminate/Pipeline/Pipeline.php(119): Illuminate/Pipeline/Pipeline->{closure:{closure:Illuminate/Pipeline/Pipeline::carry():158}:159}(Object(Illuminate/Http/Request))
#44 D:/PROJECT RADIT/Toko_online-Laravel/vendor/laravel/framework/src/Illuminate/Foundation/Http/Kernel.php(175): Illuminate/Pipeline/Pipeline->then(Object(Closure))
#45 D:/PROJECT RADIT/Toko_online-Laravel/vendor/laravel/framework/src/Illuminate/Foundation/Http/Kernel.php(144): Illuminate/Foundation/Http/Kernel->sendRequestThroughRouter(Object(Illuminate/Http/Request))
#46 D:/PROJECT RADIT/Toko_online-Laravel/public/index.php(51): Illuminate/Foundation/Http/Kernel->handle(Object(Illuminate/Http/Request))
#47 D:/PROJECT RADIT/Toko_online-Laravel/vendor/laravel/framework/src/Illuminate/Foundation/resources/server.php(16): require_once('D://PROJECT RADI...')
#48 {main}
"} 
[2026-06-29 21:41:38] local.ERROR: Cache store [filef] is not defined. {"exception":"[object] (InvalidArgumentException(code: 0): Cache store [filef] is not defined. at D:/PROJECT RADIT/Toko_online-Laravel/vendor/laravel/framework/src/Illuminate/Cache/CacheManager.php:88)
[stacktrace]
#0 D:/PROJECT RADIT/Toko_online-Laravel/vendor/laravel/framework/src/Illuminate/Cache/CacheManager.php(61): Illuminate/Cache/CacheManager->resolve('filef')
#1 D:/PROJECT RADIT/Toko_online-Laravel/vendor/laravel/framework/src/Illuminate/Cache/CacheManager.php(72): Illuminate/Cache/CacheManager->store('filef')
#2 D:/PROJECT RADIT/Toko_online-Laravel/vendor/laravel/framework/src/Illuminate/Cache/CacheServiceProvider.php(35): Illuminate/Cache/CacheManager->driver(NULL)
#3 D:/PROJECT RADIT/Toko_online-Laravel/vendor/laravel/framework/src/Illuminate/Container/Container.php(908): Illuminate/Cache/CacheServiceProvider->{closure:Illuminate/Cache/CacheServiceProvider::register():34}(Object(Illuminate/Foundation/Application), Array)
#4 D:/PROJECT RADIT/Toko_online-Laravel/vendor/laravel/framework/src/Illuminate/Container/Container.php(795): Illuminate/Container/Container->build(Object(Closure))
#5 D:/PROJECT RADIT/Toko_online-Laravel/vendor/laravel/framework/src/Illuminate/Foundation/Application.php(986): Illuminate/Container/Container->resolve('Illuminate//Cach...', Array, true)
#6 D:/PROJECT RADIT/Toko_online-Laravel/vendor/laravel/framework/src/Illuminate/Container/Container.php(731): Illuminate/Foundation/Application->resolve('Illuminate//Cach...', Array)
#7 D:/PROJECT RADIT/Toko_online-Laravel/vendor/laravel/framework/src/Illuminate/Foundation/Application.php(971): Illuminate/Container/Container->make('Illuminate//Cach...', Array)
#8 D:/PROJECT RADIT/Toko_online-Laravel/vendor/laravel/framework/src/Illuminate/Container/Container.php(1454): Illuminate/Foundation/Application->make('Illuminate//Cach...')
#9 D:/PROJECT RADIT/Toko_online-Laravel/vendor/laravel/framework/src/Illuminate/Support/Facades/Facade.php(237): Illuminate/Container/Container->offsetGet('Illuminate//Cach...')
#10 D:/PROJECT RADIT/Toko_online-Laravel/vendor/laravel/framework/src/Illuminate/Support/Facades/Facade.php(208): Illuminate/Support/Facades/Facade::resolveFacadeInstance('Illuminate//Cach...')
#11 D:/PROJECT RADIT/Toko_online-Laravel/vendor/laravel/framework/src/Illuminate/Support/Facades/Facade.php(349): Illuminate/Support/Facades/Facade::getFacadeRoot()
#12 D:/PROJECT RADIT/Toko_online-Laravel/app/Providers/RouteServiceProvider.php(44): Illuminate/Support/Facades/Facade::__callStatic('for', Array)
#13 D:/PROJECT RADIT/Toko_online-Laravel/app/Providers/RouteServiceProvider.php(27): App/Providers/RouteServiceProvider->configureRateLimiting()
#14 D:/PROJECT RADIT/Toko_online-Laravel/vendor/laravel/framework/src/Illuminate/Container/BoundMethod.php(36): App/Providers/RouteServiceProvider->boot()
#15 D:/PROJECT RADIT/Toko_online-Laravel/vendor/laravel/framework/src/Illuminate/Container/Util.php(41): Illuminate/Container/BoundMethod::{closure:Illuminate/Container/BoundMethod::call():35}()
#16 D:/PROJECT RADIT/Toko_online-Laravel/vendor/laravel/framework/src/Illuminate/Container/BoundMethod.php(93): Illuminate/Container/Util::unwrapIfClosure(Object(Closure))
#17 D:/PROJECT RADIT/Toko_online-Laravel/vendor/laravel/framework/src/Illuminate/Container/BoundMethod.php(35): Illuminate/Container/BoundMethod::callBoundMethod(Object(Illuminate/Foundation/Application), Array, Object(Closure))
#18 D:/PROJECT RADIT/Toko_online-Laravel/vendor/laravel/framework/src/Illuminate/Container/Container.php(662): Illuminate/Container/BoundMethod::call(Object(Illuminate/Foundation/Application), Array, Array, NULL)
#19 D:/PROJECT RADIT/Toko_online-Laravel/vendor/laravel/framework/src/Illuminate/Foundation/Application.php(1059): Illuminate/Container/Container->call(Array)
#20 D:/PROJECT RADIT/Toko_online-Laravel/vendor/laravel/framework/src/Illuminate/Foundation/Application.php(1040): Illuminate/Foundation/Application->bootProvider(Object(App/Providers/RouteServiceProvider))
#21 [internal function]: Illuminate/Foundation/Application->{closure:Illuminate/Foundation/Application::boot():1039}(Object(App/Providers/RouteServiceProvider), 24)
#22 D:/PROJECT RADIT/Toko_online-Laravel/vendor/laravel/framework/src/Illuminate/Foundation/Application.php(1039): array_walk(Array, Object(Closure))
#23 D:/PROJECT RADIT/Toko_online-Laravel/vendor/laravel/framework/src/Illuminate/Foundation/Bootstrap/BootProviders.php(17): Illuminate/Foundation/Application->boot()
#24 D:/PROJECT RADIT/Toko_online-Laravel/vendor/laravel/framework/src/Illuminate/Foundation/Application.php(286): Illuminate/Foundation/Bootstrap/BootProviders->bootstrap(Object(Illuminate/Foundation/Application))
#25 D:/PROJECT RADIT/Toko_online-Laravel/vendor/laravel/framework/src/Illuminate/Foundation/Console/Kernel.php(447): Illuminate/Foundation/Application->bootstrapWith(Array)
#26 D:/PROJECT RADIT/Toko_online-Laravel/vendor/laravel/framework/src/Illuminate/Foundation/Console/Kernel.php(199): Illuminate/Foundation/Console/Kernel->bootstrap()
#27 D:/PROJECT RADIT/Toko_online-Laravel/artisan(35): Illuminate/Foundation/Console/Kernel->handle(Object(Symfony/Component/Console/Input/ArgvInput), Object(Symfony/Component/Console/Output/ConsoleOutput))
#28 {main}
"} 
[2026-06-29 21:42:05] local.ERROR: Cache store [filef] is not defined. {"exception":"[object] (InvalidArgumentException(code: 0): Cache store [filef] is not defined. at D:/PROJECT RADIT/Toko_online-Laravel/vendor/laravel/framework/src/Illuminate/Cache/CacheManager.php:88)
[stacktrace]
#0 D:/PROJECT RADIT/Toko_online-Laravel/vendor/laravel/framework/src/Illuminate/Cache/CacheManager.php(61): Illuminate/Cache/CacheManager->resolve('filef')
#1 D:/PROJECT RADIT/Toko_online-Laravel/vendor/laravel/framework/src/Illuminate/Cache/CacheManager.php(72): Illuminate/Cache/CacheManager->store('filef')
#2 D:/PROJECT RADIT/Toko_online-Laravel/vendor/laravel/framework/src/Illuminate/Cache/CacheServiceProvider.php(35): Illuminate/Cache/CacheManager->driver(NULL)
#3 D:/PROJECT RADIT/Toko_online-Laravel/vendor/laravel/framework/src/Illuminate/Container/Container.php(908): Illuminate/Cache/CacheServiceProvider->{closure:Illuminate/Cache/CacheServiceProvider::register():34}(Object(Illuminate/Foundation/Application), Array)
#4 D:/PROJECT RADIT/Toko_online-Laravel/vendor/laravel/framework/src/Illuminate/Container/Container.php(795): Illuminate/Container/Container->build(Object(Closure))
#5 D:/PROJECT RADIT/Toko_online-Laravel/vendor/laravel/framework/src/Illuminate/Foundation/Application.php(986): Illuminate/Container/Container->resolve('Illuminate//Cach...', Array, true)
#6 D:/PROJECT RADIT/Toko_online-Laravel/vendor/laravel/framework/src/Illuminate/Container/Container.php(731): Illuminate/Foundation/Application->resolve('Illuminate//Cach...', Array)
#7 D:/PROJECT RADIT/Toko_online-Laravel/vendor/laravel/framework/src/Illuminate/Foundation/Application.php(971): Illuminate/Container/Container->make('Illuminate//Cach...', Array)
#8 D:/PROJECT RADIT/Toko_online-Laravel/vendor/laravel/framework/src/Illuminate/Container/Container.php(1454): Illuminate/Foundation/Application->make('Illuminate//Cach...')
#9 D:/PROJECT RADIT/Toko_online-Laravel/vendor/laravel/framework/src/Illuminate/Support/Facades/Facade.php(237): Illuminate/Container/Container->offsetGet('Illuminate//Cach...')
#10 D:/PROJECT RADIT/Toko_online-Laravel/vendor/laravel/framework/src/Illuminate/Support/Facades/Facade.php(208): Illuminate/Support/Facades/Facade::resolveFacadeInstance('Illuminate//Cach...')
#11 D:/PROJECT RADIT/Toko_online-Laravel/vendor/laravel/framework/src/Illuminate/Support/Facades/Facade.php(349): Illuminate/Support/Facades/Facade::getFacadeRoot()
#12 D:/PROJECT RADIT/Toko_online-Laravel/app/Providers/RouteServiceProvider.php(44): Illuminate/Support/Facades/Facade::__callStatic('for', Array)
#13 D:/PROJECT RADIT/Toko_online-Laravel/app/Providers/RouteServiceProvider.php(27): App/Providers/RouteServiceProvider->configureRateLimiting()
#14 D:/PROJECT RADIT/Toko_online-Laravel/vendor/laravel/framework/src/Illuminate/Container/BoundMethod.php(36): App/Providers/RouteServiceProvider->boot()
#15 D:/PROJECT RADIT/Toko_online-Laravel/vendor/laravel/framework/src/Illuminate/Container/Util.php(41): Illuminate/Container/BoundMethod::{closure:Illuminate/Container/BoundMethod::call():35}()
#16 D:/PROJECT RADIT/Toko_online-Laravel/vendor/laravel/framework/src/Illuminate/Container/BoundMethod.php(93): Illuminate/Container/Util::unwrapIfClosure(Object(Closure))
#17 D:/PROJECT RADIT/Toko_online-Laravel/vendor/laravel/framework/src/Illuminate/Container/BoundMethod.php(35): Illuminate/Container/BoundMethod::callBoundMethod(Object(Illuminate/Foundation/Application), Array, Object(Closure))
#18 D:/PROJECT RADIT/Toko_online-Laravel/vendor/laravel/framework/src/Illuminate/Container/Container.php(662): Illuminate/Container/BoundMethod::call(Object(Illuminate/Foundation/Application), Array, Array, NULL)
#19 D:/PROJECT RADIT/Toko_online-Laravel/vendor/laravel/framework/src/Illuminate/Foundation/Application.php(1059): Illuminate/Container/Container->call(Array)
#20 D:/PROJECT RADIT/Toko_online-Laravel/vendor/laravel/framework/src/Illuminate/Foundation/Application.php(1040): Illuminate/Foundation/Application->bootProvider(Object(App/Providers/RouteServiceProvider))
#21 [internal function]: Illuminate/Foundation/Application->{closure:Illuminate/Foundation/Application::boot():1039}(Object(App/Providers/RouteServiceProvider), 24)
#22 D:/PROJECT RADIT/Toko_online-Laravel/vendor/laravel/framework/src/Illuminate/Foundation/Application.php(1039): array_walk(Array, Object(Closure))
#23 D:/PROJECT RADIT/Toko_online-Laravel/vendor/laravel/framework/src/Illuminate/Foundation/Bootstrap/BootProviders.php(17): Illuminate/Foundation/Application->boot()
#24 D:/PROJECT RADIT/Toko_online-Laravel/vendor/laravel/framework/src/Illuminate/Foundation/Application.php(286): Illuminate/Foundation/Bootstrap/BootProviders->bootstrap(Object(Illuminate/Foundation/Application))
#25 D:/PROJECT RADIT/Toko_online-Laravel/vendor/laravel/framework/src/Illuminate/Foundation/Console/Kernel.php(447): Illuminate/Foundation/Application->bootstrapWith(Array)
#26 D:/PROJECT RADIT/Toko_online-Laravel/vendor/laravel/framework/src/Illuminate/Foundation/Console/Kernel.php(199): Illuminate/Foundation/Console/Kernel->bootstrap()
#27 D:/PROJECT RADIT/Toko_online-Laravel/artisan(35): Illuminate/Foundation/Console/Kernel->handle(Object(Symfony/Component/Console/Input/ArgvInput), Object(Symfony/Component/Console/Output/ConsoleOutput))
#28 {main}
"} 
[2026-06-29 21:42:14] local.ERROR: Cache store [filef] is not defined. {"exception":"[object] (InvalidArgumentException(code: 0): Cache store [filef] is not defined. at D:/PROJECT RADIT/Toko_online-Laravel/vendor/laravel/framework/src/Illuminate/Cache/CacheManager.php:88)
[stacktrace]
#0 D:/PROJECT RADIT/Toko_online-Laravel/vendor/laravel/framework/src/Illuminate/Cache/CacheManager.php(61): Illuminate/Cache/CacheManager->resolve('filef')
#1 D:/PROJECT RADIT/Toko_online-Laravel/vendor/laravel/framework/src/Illuminate/Cache/CacheManager.php(72): Illuminate/Cache/CacheManager->store('filef')
#2 D:/PROJECT RADIT/Toko_online-Laravel/vendor/laravel/framework/src/Illuminate/Cache/CacheServiceProvider.php(35): Illuminate/Cache/CacheManager->driver(NULL)
#3 D:/PROJECT RADIT/Toko_online-Laravel/vendor/laravel/framework/src/Illuminate/Container/Container.php(908): Illuminate/Cache/CacheServiceProvider->{closure:Illuminate/Cache/CacheServiceProvider::register():34}(Object(Illuminate/Foundation/Application), Array)
#4 D:/PROJECT RADIT/Toko_online-Laravel/vendor/laravel/framework/src/Illuminate/Container/Container.php(795): Illuminate/Container/Container->build(Object(Closure))
#5 D:/PROJECT RADIT/Toko_online-Laravel/vendor/laravel/framework/src/Illuminate/Foundation/Application.php(986): Illuminate/Container/Container->resolve('Illuminate//Cach...', Array, true)
#6 D:/PROJECT RADIT/Toko_online-Laravel/vendor/laravel/framework/src/Illuminate/Container/Container.php(731): Illuminate/Foundation/Application->resolve('Illuminate//Cach...', Array)
#7 D:/PROJECT RADIT/Toko_online-Laravel/vendor/laravel/framework/src/Illuminate/Foundation/Application.php(971): Illuminate/Container/Container->make('Illuminate//Cach...', Array)
#8 D:/PROJECT RADIT/Toko_online-Laravel/vendor/laravel/framework/src/Illuminate/Container/Container.php(1454): Illuminate/Foundation/Application->make('Illuminate//Cach...')
#9 D:/PROJECT RADIT/Toko_online-Laravel/vendor/laravel/framework/src/Illuminate/Support/Facades/Facade.php(237): Illuminate/Container/Container->offsetGet('Illuminate//Cach...')
#10 D:/PROJECT RADIT/Toko_online-Laravel/vendor/laravel/framework/src/Illuminate/Support/Facades/Facade.php(208): Illuminate/Support/Facades/Facade::resolveFacadeInstance('Illuminate//Cach...')
#11 D:/PROJECT RADIT/Toko_online-Laravel/vendor/laravel/framework/src/Illuminate/Support/Facades/Facade.php(349): Illuminate/Support/Facades/Facade::getFacadeRoot()
#12 D:/PROJECT RADIT/Toko_online-Laravel/app/Providers/RouteServiceProvider.php(44): Illuminate/Support/Facades/Facade::__callStatic('for', Array)
#13 D:/PROJECT RADIT/Toko_online-Laravel/app/Providers/RouteServiceProvider.php(27): App/Providers/RouteServiceProvider->configureRateLimiting()
#14 D:/PROJECT RADIT/Toko_online-Laravel/vendor/laravel/framework/src/Illuminate/Container/BoundMethod.php(36): App/Providers/RouteServiceProvider->boot()
#15 D:/PROJECT RADIT/Toko_online-Laravel/vendor/laravel/framework/src/Illuminate/Container/Util.php(41): Illuminate/Container/BoundMethod::{closure:Illuminate/Container/BoundMethod::call():35}()
#16 D:/PROJECT RADIT/Toko_online-Laravel/vendor/laravel/framework/src/Illuminate/Container/BoundMethod.php(93): Illuminate/Container/Util::unwrapIfClosure(Object(Closure))
#17 D:/PROJECT RADIT/Toko_online-Laravel/vendor/laravel/framework/src/Illuminate/Container/BoundMethod.php(35): Illuminate/Container/BoundMethod::callBoundMethod(Object(Illuminate/Foundation/Application), Array, Object(Closure))
#18 D:/PROJECT RADIT/Toko_online-Laravel/vendor/laravel/framework/src/Illuminate/Container/Container.php(662): Illuminate/Container/BoundMethod::call(Object(Illuminate/Foundation/Application), Array, Array, NULL)
#19 D:/PROJECT RADIT/Toko_online-Laravel/vendor/laravel/framework/src/Illuminate/Foundation/Application.php(1059): Illuminate/Container/Container->call(Array)
#20 D:/PROJECT RADIT/Toko_online-Laravel/vendor/laravel/framework/src/Illuminate/Foundation/Application.php(1040): Illuminate/Foundation/Application->bootProvider(Object(App/Providers/RouteServiceProvider))
#21 [internal function]: Illuminate/Foundation/Application->{closure:Illuminate/Foundation/Application::boot():1039}(Object(App/Providers/RouteServiceProvider), 24)
#22 D:/PROJECT RADIT/Toko_online-Laravel/vendor/laravel/framework/src/Illuminate/Foundation/Application.php(1039): array_walk(Array, Object(Closure))
#23 D:/PROJECT RADIT/Toko_online-Laravel/vendor/laravel/framework/src/Illuminate/Foundation/Bootstrap/BootProviders.php(17): Illuminate/Foundation/Application->boot()
#24 D:/PROJECT RADIT/Toko_online-Laravel/vendor/laravel/framework/src/Illuminate/Foundation/Application.php(286): Illuminate/Foundation/Bootstrap/BootProviders->bootstrap(Object(Illuminate/Foundation/Application))
#25 D:/PROJECT RADIT/Toko_online-Laravel/vendor/laravel/framework/src/Illuminate/Foundation/Console/Kernel.php(447): Illuminate/Foundation/Application->bootstrapWith(Array)
#26 D:/PROJECT RADIT/Toko_online-Laravel/vendor/laravel/framework/src/Illuminate/Foundation/Console/Kernel.php(199): Illuminate/Foundation/Console/Kernel->bootstrap()
#27 D:/PROJECT RADIT/Toko_online-Laravel/artisan(35): Illuminate/Foundation/Console/Kernel->handle(Object(Symfony/Component/Console/Input/ArgvInput), Object(Symfony/Component/Console/Output/ConsoleOutput))
#28 {main}
"} 
[2026-06-30 13:24:22] local.ERROR: SQLSTATE[23000]: Integrity constraint violation: 1451 Cannot delete or update a parent row: a foreign key constraint fails (`db_tokoonline`.`produk`, CONSTRAINT `produk_kategori_id_foreign` FOREIGN KEY (`kategori_id`) REFERENCES `kategori` (`id`)) (Connection: mysql, SQL: delete from `kategori` where `id` = 1) {"userId":1,"exception":"[object] (Illuminate\\Database\\QueryException(code: 23000): SQLSTATE[23000]: Integrity constraint violation: 1451 Cannot delete or update a parent row: a foreign key constraint fails (`db_tokoonline`.`produk`, CONSTRAINT `produk_kategori_id_foreign` FOREIGN KEY (`kategori_id`) REFERENCES `kategori` (`id`)) (Connection: mysql, SQL: delete from `kategori` where `id` = 1) at D:/PROJECT RADIT/Toko_online-Laravel/vendor/laravel/framework/src/Illuminate/Database/Connection.php:829)
[stacktrace]
#0 D:/PROJECT RADIT/Toko_online-Laravel/vendor/laravel/framework/src/Illuminate/Database/Connection.php(783): Illuminate/Database/Connection->runQueryCallback('delete from `ka...', Array, Object(Closure))
#1 D:/PROJECT RADIT/Toko_online-Laravel/vendor/laravel/framework/src/Illuminate/Database/Connection.php(600): Illuminate/Database/Connection->run('delete from `ka...', Array, Object(Closure))
#2 D:/PROJECT RADIT/Toko_online-Laravel/vendor/laravel/framework/src/Illuminate/Database/Connection.php(564): Illuminate/Database/Connection->affectingStatement('delete from `ka...', Array)
#3 D:/PROJECT RADIT/Toko_online-Laravel/vendor/laravel/framework/src/Illuminate/Database/Query/Builder.php(3796): Illuminate/Database/Connection->delete('delete from `ka...', Array)
#4 D:/PROJECT RADIT/Toko_online-Laravel/vendor/laravel/framework/src/Illuminate/Database/Eloquent/Builder.php(1273): Illuminate/Database/Query/Builder->delete()
#5 D:/PROJECT RADIT/Toko_online-Laravel/vendor/laravel/framework/src/Illuminate/Database/Eloquent/Model.php(1463): Illuminate/Database/Eloquent/Builder->delete()
#6 D:/PROJECT RADIT/Toko_online-Laravel/vendor/laravel/framework/src/Illuminate/Database/Eloquent/Model.php(1408): Illuminate/Database/Eloquent/Model->performDeleteOnModel()
#7 D:/PROJECT RADIT/Toko_online-Laravel/app/Http/Controllers/KategoriController.php(81): Illuminate/Database/Eloquent/Model->delete()
#8 D:/PROJECT RADIT/Toko_online-Laravel/vendor/laravel/framework/src/Illuminate/Routing/Controller.php(54): App/Http/Controllers/KategoriController->destroy('1')
#9 D:/PROJECT RADIT/Toko_online-Laravel/vendor/laravel/framework/src/Illuminate/Routing/ControllerDispatcher.php(43): Illuminate/Routing/Controller->callAction('destroy', Array)
#10 D:/PROJECT RADIT/Toko_online-Laravel/vendor/laravel/framework/src/Illuminate/Routing/Route.php(259): Illuminate/Routing/ControllerDispatcher->dispatch(Object(Illuminate/Routing/Route), Object(App/Http/Controllers/KategoriController), 'destroy')
#11 D:/PROJECT RADIT/Toko_online-Laravel/vendor/laravel/framework/src/Illuminate/Routing/Route.php(205): Illuminate/Routing/Route->runController()
#12 D:/PROJECT RADIT/Toko_online-Laravel/vendor/laravel/framework/src/Illuminate/Routing/Router.php(806): Illuminate/Routing/Route->run()
#13 D:/PROJECT RADIT/Toko_online-Laravel/vendor/laravel/framework/src/Illuminate/Pipeline/Pipeline.php(144): Illuminate/Routing/Router->{closure:Illuminate/Routing/Router::runRouteWithinStack():805}(Object(Illuminate/Http/Request))
#14 D:/PROJECT RADIT/Toko_online-Laravel/vendor/laravel/framework/src/Illuminate/Routing/Middleware/SubstituteBindings.php(50): Illuminate/Pipeline/Pipeline->{closure:Illuminate/Pipeline/Pipeline::prepareDestination():142}(Object(Illuminate/Http/Request))
#15 D:/PROJECT RADIT/Toko_online-Laravel/vendor/laravel/framework/src/Illuminate/Pipeline/Pipeline.php(183): Illuminate/Routing/Middleware/SubstituteBindings->handle(Object(Illuminate/Http/Request), Object(Closure))
#16 D:/PROJECT RADIT/Toko_online-Laravel/vendor/laravel/framework/src/Illuminate/Auth/Middleware/Authenticate.php(57): Illuminate/Pipeline/Pipeline->{closure:{closure:Illuminate/Pipeline/Pipeline::carry():158}:159}(Object(Illuminate/Http/Request))
#17 D:/PROJECT RADIT/Toko_online-Laravel/vendor/laravel/framework/src/Illuminate/Pipeline/Pipeline.php(183): Illuminate/Auth/Middleware/Authenticate->handle(Object(Illuminate/Http/Request), Object(Closure))
#18 D:/PROJECT RADIT/Toko_online-Laravel/vendor/laravel/framework/src/Illuminate/Foundation/Http/Middleware/VerifyCsrfToken.php(78): Illuminate/Pipeline/Pipeline->{closure:{closure:Illuminate/Pipeline/Pipeline::carry():158}:159}(Object(Illuminate/Http/Request))
#19 D:/PROJECT RADIT/Toko_online-Laravel/vendor/laravel/framework/src/Illuminate/Pipeline/Pipeline.php(183): Illuminate/Foundation/Http/Middleware/VerifyCsrfToken->handle(Object(Illuminate/Http/Request), Object(Closure))
#20 D:/PROJECT RADIT/Toko_online-Laravel/vendor/laravel/framework/src/Illuminate/View/Middleware/ShareErrorsFromSession.php(49): Illuminate/Pipeline/Pipeline->{closure:{closure:Illuminate/Pipeline/Pipeline::carry():158}:159}(Object(Illuminate/Http/Request))
#21 D:/PROJECT RADIT/Toko_online-Laravel/vendor/laravel/framework/src/Illuminate/Pipeline/Pipeline.php(183): Illuminate/View/Middleware/ShareErrorsFromSession->handle(Object(Illuminate/Http/Request), Object(Closure))
#22 D:/PROJECT RADIT/Toko_online-Laravel/vendor/laravel/framework/src/Illuminate/Session/Middleware/StartSession.php(121): Illuminate/Pipeline/Pipeline->{closure:{closure:Illuminate/Pipeline/Pipeline::carry():158}:159}(Object(Illuminate/Http/Request))
#23 D:/PROJECT RADIT/Toko_online-Laravel/vendor/laravel/framework/src/Illuminate/Session/Middleware/StartSession.php(64): Illuminate/Session/Middleware/StartSession->handleStatefulRequest(Object(Illuminate/Http/Request), Object(Illuminate/Session/Store), Object(Closure))
#24 D:/PROJECT RADIT/Toko_online-Laravel/vendor/laravel/framework/src/Illuminate/Pipeline/Pipeline.php(183): Illuminate/Session/Middleware/StartSession->handle(Object(Illuminate/Http/Request), Object(Closure))
#25 D:/PROJECT RADIT/Toko_online-Laravel/vendor/laravel/framework/src/Illuminate/Cookie/Middleware/AddQueuedCookiesToResponse.php(37): Illuminate/Pipeline/Pipeline->{closure:{closure:Illuminate/Pipeline/Pipeline::carry():158}:159}(Object(Illuminate/Http/Request))
#26 D:/PROJECT RADIT/Toko_online-Laravel/vendor/laravel/framework/src/Illuminate/Pipeline/Pipeline.php(183): Illuminate/Cookie/Middleware/AddQueuedCookiesToResponse->handle(Object(Illuminate/Http/Request), Object(Closure))
#27 D:/PROJECT RADIT/Toko_online-Laravel/vendor/laravel/framework/src/Illuminate/Cookie/Middleware/EncryptCookies.php(67): Illuminate/Pipeline/Pipeline->{closure:{closure:Illuminate/Pipeline/Pipeline::carry():158}:159}(Object(Illuminate/Http/Request))
#28 D:/PROJECT RADIT/Toko_online-Laravel/vendor/laravel/framework/src/Illuminate/Pipeline/Pipeline.php(183): Illuminate/Cookie/Middleware/EncryptCookies->handle(Object(Illuminate/Http/Request), Object(Closure))
#29 D:/PROJECT RADIT/Toko_online-Laravel/vendor/laravel/framework/src/Illuminate/Pipeline/Pipeline.php(119): Illuminate/Pipeline/Pipeline->{closure:{closure:Illuminate/Pipeline/Pipeline::carry():158}:159}(Object(Illuminate/Http/Request))
#30 D:/PROJECT RADIT/Toko_online-Laravel/vendor/laravel/framework/src/Illuminate/Routing/Router.php(805): Illuminate/Pipeline/Pipeline->then(Object(Closure))
#31 D:/PROJECT RADIT/Toko_online-Laravel/vendor/laravel/framework/src/Illuminate/Routing/Router.php(784): Illuminate/Routing/Router->runRouteWithinStack(Object(Illuminate/Routing/Route), Object(Illuminate/Http/Request))
#32 D:/PROJECT RADIT/Toko_online-Laravel/vendor/laravel/framework/src/Illuminate/Routing/Router.php(748): Illuminate/Routing/Router->runRoute(Object(Illuminate/Http/Request), Object(Illuminate/Routing/Route))
#33 D:/PROJECT RADIT/Toko_online-Laravel/vendor/laravel/framework/src/Illuminate/Routing/Router.php(737): Illuminate/Routing/Router->dispatchToRoute(Object(Illuminate/Http/Request))
#34 D:/PROJECT RADIT/Toko_online-Laravel/vendor/laravel/framework/src/Illuminate/Foundation/Http/Kernel.php(200): Illuminate/Routing/Router->dispatch(Object(Illuminate/Http/Request))
#35 D:/PROJECT RADIT/Toko_online-Laravel/vendor/laravel/framework/src/Illuminate/Pipeline/Pipeline.php(144): Illuminate/Foundation/Http/Kernel->{closure:Illuminate/Foundation/Http/Kernel::dispatchToRouter():197}(Object(Illuminate/Http/Request))
#36 D:/PROJECT RADIT/Toko_online-Laravel/vendor/laravel/framework/src/Illuminate/Foundation/Http/Middleware/TransformsRequest.php(21): Illuminate/Pipeline/Pipeline->{closure:Illuminate/Pipeline/Pipeline::prepareDestination():142}(Object(Illuminate/Http/Request))
#37 D:/PROJECT RADIT/Toko_online-Laravel/vendor/laravel/framework/src/Illuminate/Foundation/Http/Middleware/ConvertEmptyStringsToNull.php(31): Illuminate/Foundation/Http/Middleware/TransformsRequest->handle(Object(Illuminate/Http/Request), Object(Closure))
#38 D:/PROJECT RADIT/Toko_online-Laravel/vendor/laravel/framework/src/Illuminate/Pipeline/Pipeline.php(183): Illuminate/Foundation/Http/Middleware/ConvertEmptyStringsToNull->handle(Object(Illuminate/Http/Request), Object(Closure))
#39 D:/PROJECT RADIT/Toko_online-Laravel/vendor/laravel/framework/src/Illuminate/Foundation/Http/Middleware/TransformsRequest.php(21): Illuminate/Pipeline/Pipeline->{closure:{closure:Illuminate/Pipeline/Pipeline::carry():158}:159}(Object(Illuminate/Http/Request))
#40 D:/PROJECT RADIT/Toko_online-Laravel/vendor/laravel/framework/src/Illuminate/Foundation/Http/Middleware/TrimStrings.php(40): Illuminate/Foundation/Http/Middleware/TransformsRequest->handle(Object(Illuminate/Http/Request), Object(Closure))
#41 D:/PROJECT RADIT/Toko_online-Laravel/vendor/laravel/framework/src/Illuminate/Pipeline/Pipeline.php(183): Illuminate/Foundation/Http/Middleware/TrimStrings->handle(Object(Illuminate/Http/Request), Object(Closure))
#42 D:/PROJECT RADIT/Toko_online-Laravel/vendor/laravel/framework/src/Illuminate/Foundation/Http/Middleware/ValidatePostSize.php(27): Illuminate/Pipeline/Pipeline->{closure:{closure:Illuminate/Pipeline/Pipeline::carry():158}:159}(Object(Illuminate/Http/Request))
#43 D:/PROJECT RADIT/Toko_online-Laravel/vendor/laravel/framework/src/Illuminate/Pipeline/Pipeline.php(183): Illuminate/Foundation/Http/Middleware/ValidatePostSize->handle(Object(Illuminate/Http/Request), Object(Closure))
#44 D:/PROJECT RADIT/Toko_online-Laravel/vendor/laravel/framework/src/Illuminate/Foundation/Http/Middleware/PreventRequestsDuringMaintenance.php(99): Illuminate/Pipeline/Pipeline->{closure:{closure:Illuminate/Pipeline/Pipeline::carry():158}:159}(Object(Illuminate/Http/Request))
#45 D:/PROJECT RADIT/Toko_online-Laravel/vendor/laravel/framework/src/Illuminate/Pipeline/Pipeline.php(183): Illuminate/Foundation/Http/Middleware/PreventRequestsDuringMaintenance->handle(Object(Illuminate/Http/Request), Object(Closure))
#46 D:/PROJECT RADIT/Toko_online-Laravel/vendor/laravel/framework/src/Illuminate/Http/Middleware/HandleCors.php(49): Illuminate/Pipeline/Pipeline->{closure:{closure:Illuminate/Pipeline/Pipeline::carry():158}:159}(Object(Illuminate/Http/Request))
#47 D:/PROJECT RADIT/Toko_online-Laravel/vendor/laravel/framework/src/Illuminate/Pipeline/Pipeline.php(183): Illuminate/Http/Middleware/HandleCors->handle(Object(Illuminate/Http/Request), Object(Closure))
#48 D:/PROJECT RADIT/Toko_online-Laravel/vendor/laravel/framework/src/Illuminate/Http/Middleware/TrustProxies.php(39): Illuminate/Pipeline/Pipeline->{closure:{closure:Illuminate/Pipeline/Pipeline::carry():158}:159}(Object(Illuminate/Http/Request))
#49 D:/PROJECT RADIT/Toko_online-Laravel/vendor/laravel/framework/src/Illuminate/Pipeline/Pipeline.php(183): Illuminate/Http/Middleware/TrustProxies->handle(Object(Illuminate/Http/Request), Object(Closure))
#50 D:/PROJECT RADIT/Toko_online-Laravel/vendor/laravel/framework/src/Illuminate/Pipeline/Pipeline.php(119): Illuminate/Pipeline/Pipeline->{closure:{closure:Illuminate/Pipeline/Pipeline::carry():158}:159}(Object(Illuminate/Http/Request))
#51 D:/PROJECT RADIT/Toko_online-Laravel/vendor/laravel/framework/src/Illuminate/Foundation/Http/Kernel.php(175): Illuminate/Pipeline/Pipeline->then(Object(Closure))
#52 D:/PROJECT RADIT/Toko_online-Laravel/vendor/laravel/framework/src/Illuminate/Foundation/Http/Kernel.php(144): Illuminate/Foundation/Http/Kernel->sendRequestThroughRouter(Object(Illuminate/Http/Request))
#53 D:/PROJECT RADIT/Toko_online-Laravel/public/index.php(51): Illuminate/Foundation/Http/Kernel->handle(Object(Illuminate/Http/Request))
#54 D:/PROJECT RADIT/Toko_online-Laravel/vendor/laravel/framework/src/Illuminate/Foundation/resources/server.php(16): require_once('D://PROJECT RADI...')
#55 {main}

[previous exception] [object] (PDOException(code: 23000): SQLSTATE[23000]: Integrity constraint violation: 1451 Cannot delete or update a parent row: a foreign key constraint fails (`db_tokoonline`.`produk`, CONSTRAINT `produk_kategori_id_foreign` FOREIGN KEY (`kategori_id`) REFERENCES `kategori` (`id`)) at D:/PROJECT RADIT/Toko_online-Laravel/vendor/laravel/framework/src/Illuminate/Database/Connection.php:612)
[stacktrace]
#0 D:/PROJECT RADIT/Toko_online-Laravel/vendor/laravel/framework/src/Illuminate/Database/Connection.php(612): PDOStatement->execute()
#1 D:/PROJECT RADIT/Toko_online-Laravel/vendor/laravel/framework/src/Illuminate/Database/Connection.php(816): Illuminate/Database/Connection->{closure:Illuminate/Database/Connection::affectingStatement():600}('delete from `ka...', Array)
#2 D:/PROJECT RADIT/Toko_online-Laravel/vendor/laravel/framework/src/Illuminate/Database/Connection.php(783): Illuminate/Database/Connection->runQueryCallback('delete from `ka...', Array, Object(Closure))
#3 D:/PROJECT RADIT/Toko_online-Laravel/vendor/laravel/framework/src/Illuminate/Database/Connection.php(600): Illuminate/Database/Connection->run('delete from `ka...', Array, Object(Closure))
#4 D:/PROJECT RADIT/Toko_online-Laravel/vendor/laravel/framework/src/Illuminate/Database/Connection.php(564): Illuminate/Database/Connection->affectingStatement('delete from `ka...', Array)
#5 D:/PROJECT RADIT/Toko_online-Laravel/vendor/laravel/framework/src/Illuminate/Database/Query/Builder.php(3796): Illuminate/Database/Connection->delete('delete from `ka...', Array)
#6 D:/PROJECT RADIT/Toko_online-Laravel/vendor/laravel/framework/src/Illuminate/Database/Eloquent/Builder.php(1273): Illuminate/Database/Query/Builder->delete()
#7 D:/PROJECT RADIT/Toko_online-Laravel/vendor/laravel/framework/src/Illuminate/Database/Eloquent/Model.php(1463): Illuminate/Database/Eloquent/Builder->delete()
#8 D:/PROJECT RADIT/Toko_online-Laravel/vendor/laravel/framework/src/Illuminate/Database/Eloquent/Model.php(1408): Illuminate/Database/Eloquent/Model->performDeleteOnModel()
#9 D:/PROJECT RADIT/Toko_online-Laravel/app/Http/Controllers/KategoriController.php(81): Illuminate/Database/Eloquent/Model->delete()
#10 D:/PROJECT RADIT/Toko_online-Laravel/vendor/laravel/framework/src/Illuminate/Routing/Controller.php(54): App/Http/Controllers/KategoriController->destroy('1')
#11 D:/PROJECT RADIT/Toko_online-Laravel/vendor/laravel/framework/src/Illuminate/Routing/ControllerDispatcher.php(43): Illuminate/Routing/Controller->callAction('destroy', Array)
#12 D:/PROJECT RADIT/Toko_online-Laravel/vendor/laravel/framework/src/Illuminate/Routing/Route.php(259): Illuminate/Routing/ControllerDispatcher->dispatch(Object(Illuminate/Routing/Route), Object(App/Http/Controllers/KategoriController), 'destroy')
#13 D:/PROJECT RADIT/Toko_online-Laravel/vendor/laravel/framework/src/Illuminate/Routing/Route.php(205): Illuminate/Routing/Route->runController()
#14 D:/PROJECT RADIT/Toko_online-Laravel/vendor/laravel/framework/src/Illuminate/Routing/Router.php(806): Illuminate/Routing/Route->run()
#15 D:/PROJECT RADIT/Toko_online-Laravel/vendor/laravel/framework/src/Illuminate/Pipeline/Pipeline.php(144): Illuminate/Routing/Router->{closure:Illuminate/Routing/Router::runRouteWithinStack():805}(Object(Illuminate/Http/Request))
#16 D:/PROJECT RADIT/Toko_online-Laravel/vendor/laravel/framework/src/Illuminate/Routing/Middleware/SubstituteBindings.php(50): Illuminate/Pipeline/Pipeline->{closure:Illuminate/Pipeline/Pipeline::prepareDestination():142}(Object(Illuminate/Http/Request))
#17 D:/PROJECT RADIT/Toko_online-Laravel/vendor/laravel/framework/src/Illuminate/Pipeline/Pipeline.php(183): Illuminate/Routing/Middleware/SubstituteBindings->handle(Object(Illuminate/Http/Request), Object(Closure))
#18 D:/PROJECT RADIT/Toko_online-Laravel/vendor/laravel/framework/src/Illuminate/Auth/Middleware/Authenticate.php(57): Illuminate/Pipeline/Pipeline->{closure:{closure:Illuminate/Pipeline/Pipeline::carry():158}:159}(Object(Illuminate/Http/Request))
#19 D:/PROJECT RADIT/Toko_online-Laravel/vendor/laravel/framework/src/Illuminate/Pipeline/Pipeline.php(183): Illuminate/Auth/Middleware/Authenticate->handle(Object(Illuminate/Http/Request), Object(Closure))
#20 D:/PROJECT RADIT/Toko_online-Laravel/vendor/laravel/framework/src/Illuminate/Foundation/Http/Middleware/VerifyCsrfToken.php(78): Illuminate/Pipeline/Pipeline->{closure:{closure:Illuminate/Pipeline/Pipeline::carry():158}:159}(Object(Illuminate/Http/Request))
#21 D:/PROJECT RADIT/Toko_online-Laravel/vendor/laravel/framework/src/Illuminate/Pipeline/Pipeline.php(183): Illuminate/Foundation/Http/Middleware/VerifyCsrfToken->handle(Object(Illuminate/Http/Request), Object(Closure))
#22 D:/PROJECT RADIT/Toko_online-Laravel/vendor/laravel/framework/src/Illuminate/View/Middleware/ShareErrorsFromSession.php(49): Illuminate/Pipeline/Pipeline->{closure:{closure:Illuminate/Pipeline/Pipeline::carry():158}:159}(Object(Illuminate/Http/Request))
#23 D:/PROJECT RADIT/Toko_online-Laravel/vendor/laravel/framework/src/Illuminate/Pipeline/Pipeline.php(183): Illuminate/View/Middleware/ShareErrorsFromSession->handle(Object(Illuminate/Http/Request), Object(Closure))
#24 D:/PROJECT RADIT/Toko_online-Laravel/vendor/laravel/framework/src/Illuminate/Session/Middleware/StartSession.php(121): Illuminate/Pipeline/Pipeline->{closure:{closure:Illuminate/Pipeline/Pipeline::carry():158}:159}(Object(Illuminate/Http/Request))
#25 D:/PROJECT RADIT/Toko_online-Laravel/vendor/laravel/framework/src/Illuminate/Session/Middleware/StartSession.php(64): Illuminate/Session/Middleware/StartSession->handleStatefulRequest(Object(Illuminate/Http/Request), Object(Illuminate/Session/Store), Object(Closure))
#26 D:/PROJECT RADIT/Toko_online-Laravel/vendor/laravel/framework/src/Illuminate/Pipeline/Pipeline.php(183): Illuminate/Session/Middleware/StartSession->handle(Object(Illuminate/Http/Request), Object(Closure))
#27 D:/PROJECT RADIT/Toko_online-Laravel/vendor/laravel/framework/src/Illuminate/Cookie/Middleware/AddQueuedCookiesToResponse.php(37): Illuminate/Pipeline/Pipeline->{closure:{closure:Illuminate/Pipeline/Pipeline::carry():158}:159}(Object(Illuminate/Http/Request))
#28 D:/PROJECT RADIT/Toko_online-Laravel/vendor/laravel/framework/src/Illuminate/Pipeline/Pipeline.php(183): Illuminate/Cookie/Middleware/AddQueuedCookiesToResponse->handle(Object(Illuminate/Http/Request), Object(Closure))
#29 D:/PROJECT RADIT/Toko_online-Laravel/vendor/laravel/framework/src/Illuminate/Cookie/Middleware/EncryptCookies.php(67): Illuminate/Pipeline/Pipeline->{closure:{closure:Illuminate/Pipeline/Pipeline::carry():158}:159}(Object(Illuminate/Http/Request))
#30 D:/PROJECT RADIT/Toko_online-Laravel/vendor/laravel/framework/src/Illuminate/Pipeline/Pipeline.php(183): Illuminate/Cookie/Middleware/EncryptCookies->handle(Object(Illuminate/Http/Request), Object(Closure))
#31 D:/PROJECT RADIT/Toko_online-Laravel/vendor/laravel/framework/src/Illuminate/Pipeline/Pipeline.php(119): Illuminate/Pipeline/Pipeline->{closure:{closure:Illuminate/Pipeline/Pipeline::carry():158}:159}(Object(Illuminate/Http/Request))
#32 D:/PROJECT RADIT/Toko_online-Laravel/vendor/laravel/framework/src/Illuminate/Routing/Router.php(805): Illuminate/Pipeline/Pipeline->then(Object(Closure))
#33 D:/PROJECT RADIT/Toko_online-Laravel/vendor/laravel/framework/src/Illuminate/Routing/Router.php(784): Illuminate/Routing/Router->runRouteWithinStack(Object(Illuminate/Routing/Route), Object(Illuminate/Http/Request))
#34 D:/PROJECT RADIT/Toko_online-Laravel/vendor/laravel/framework/src/Illuminate/Routing/Router.php(748): Illuminate/Routing/Router->runRoute(Object(Illuminate/Http/Request), Object(Illuminate/Routing/Route))
#35 D:/PROJECT RADIT/Toko_online-Laravel/vendor/laravel/framework/src/Illuminate/Routing/Router.php(737): Illuminate/Routing/Router->dispatchToRoute(Object(Illuminate/Http/Request))
#36 D:/PROJECT RADIT/Toko_online-Laravel/vendor/laravel/framework/src/Illuminate/Foundation/Http/Kernel.php(200): Illuminate/Routing/Router->dispatch(Object(Illuminate/Http/Request))
#37 D:/PROJECT RADIT/Toko_online-Laravel/vendor/laravel/framework/src/Illuminate/Pipeline/Pipeline.php(144): Illuminate/Foundation/Http/Kernel->{closure:Illuminate/Foundation/Http/Kernel::dispatchToRouter():197}(Object(Illuminate/Http/Request))
#38 D:/PROJECT RADIT/Toko_online-Laravel/vendor/laravel/framework/src/Illuminate/Foundation/Http/Middleware/TransformsRequest.php(21): Illuminate/Pipeline/Pipeline->{closure:Illuminate/Pipeline/Pipeline::prepareDestination():142}(Object(Illuminate/Http/Request))
#39 D:/PROJECT RADIT/Toko_online-Laravel/vendor/laravel/framework/src/Illuminate/Foundation/Http/Middleware/ConvertEmptyStringsToNull.php(31): Illuminate/Foundation/Http/Middleware/TransformsRequest->handle(Object(Illuminate/Http/Request), Object(Closure))
#40 D:/PROJECT RADIT/Toko_online-Laravel/vendor/laravel/framework/src/Illuminate/Pipeline/Pipeline.php(183): Illuminate/Foundation/Http/Middleware/ConvertEmptyStringsToNull->handle(Object(Illuminate/Http/Request), Object(Closure))
#41 D:/PROJECT RADIT/Toko_online-Laravel/vendor/laravel/framework/src/Illuminate/Foundation/Http/Middleware/TransformsRequest.php(21): Illuminate/Pipeline/Pipeline->{closure:{closure:Illuminate/Pipeline/Pipeline::carry():158}:159}(Object(Illuminate/Http/Request))
#42 D:/PROJECT RADIT/Toko_online-Laravel/vendor/laravel/framework/src/Illuminate/Foundation/Http/Middleware/TrimStrings.php(40): Illuminate/Foundation/Http/Middleware/TransformsRequest->handle(Object(Illuminate/Http/Request), Object(Closure))
#43 D:/PROJECT RADIT/Toko_online-Laravel/vendor/laravel/framework/src/Illuminate/Pipeline/Pipeline.php(183): Illuminate/Foundation/Http/Middleware/TrimStrings->handle(Object(Illuminate/Http/Request), Object(Closure))
#44 D:/PROJECT RADIT/Toko_online-Laravel/vendor/laravel/framework/src/Illuminate/Foundation/Http/Middleware/ValidatePostSize.php(27): Illuminate/Pipeline/Pipeline->{closure:{closure:Illuminate/Pipeline/Pipeline::carry():158}:159}(Object(Illuminate/Http/Request))
#45 D:/PROJECT RADIT/Toko_online-Laravel/vendor/laravel/framework/src/Illuminate/Pipeline/Pipeline.php(183): Illuminate/Foundation/Http/Middleware/ValidatePostSize->handle(Object(Illuminate/Http/Request), Object(Closure))
#46 D:/PROJECT RADIT/Toko_online-Laravel/vendor/laravel/framework/src/Illuminate/Foundation/Http/Middleware/PreventRequestsDuringMaintenance.php(99): Illuminate/Pipeline/Pipeline->{closure:{closure:Illuminate/Pipeline/Pipeline::carry():158}:159}(Object(Illuminate/Http/Request))
#47 D:/PROJECT RADIT/Toko_online-Laravel/vendor/laravel/framework/src/Illuminate/Pipeline/Pipeline.php(183): Illuminate/Foundation/Http/Middleware/PreventRequestsDuringMaintenance->handle(Object(Illuminate/Http/Request), Object(Closure))
#48 D:/PROJECT RADIT/Toko_online-Laravel/vendor/laravel/framework/src/Illuminate/Http/Middleware/HandleCors.php(49): Illuminate/Pipeline/Pipeline->{closure:{closure:Illuminate/Pipeline/Pipeline::carry():158}:159}(Object(Illuminate/Http/Request))
#49 D:/PROJECT RADIT/Toko_online-Laravel/vendor/laravel/framework/src/Illuminate/Pipeline/Pipeline.php(183): Illuminate/Http/Middleware/HandleCors->handle(Object(Illuminate/Http/Request), Object(Closure))
#50 D:/PROJECT RADIT/Toko_online-Laravel/vendor/laravel/framework/src/Illuminate/Http/Middleware/TrustProxies.php(39): Illuminate/Pipeline/Pipeline->{closure:{closure:Illuminate/Pipeline/Pipeline::carry():158}:159}(Object(Illuminate/Http/Request))
#51 D:/PROJECT RADIT/Toko_online-Laravel/vendor/laravel/framework/src/Illuminate/Pipeline/Pipeline.php(183): Illuminate/Http/Middleware/TrustProxies->handle(Object(Illuminate/Http/Request), Object(Closure))
#52 D:/PROJECT RADIT/Toko_online-Laravel/vendor/laravel/framework/src/Illuminate/Pipeline/Pipeline.php(119): Illuminate/Pipeline/Pipeline->{closure:{closure:Illuminate/Pipeline/Pipeline::carry():158}:159}(Object(Illuminate/Http/Request))
#53 D:/PROJECT RADIT/Toko_online-Laravel/vendor/laravel/framework/src/Illuminate/Foundation/Http/Kernel.php(175): Illuminate/Pipeline/Pipeline->then(Object(Closure))
#54 D:/PROJECT RADIT/Toko_online-Laravel/vendor/laravel/framework/src/Illuminate/Foundation/Http/Kernel.php(144): Illuminate/Foundation/Http/Kernel->sendRequestThroughRouter(Object(Illuminate/Http/Request))
#55 D:/PROJECT RADIT/Toko_online-Laravel/public/index.php(51): Illuminate/Foundation/Http/Kernel->handle(Object(Illuminate/Http/Request))
#56 D:/PROJECT RADIT/Toko_online-Laravel/vendor/laravel/framework/src/Illuminate/Foundation/resources/server.php(16): require_once('D://PROJECT RADI...')
#57 {main}
"} 
[2026-06-30 13:24:48] local.ERROR: SQLSTATE[23000]: Integrity constraint violation: 1451 Cannot delete or update a parent row: a foreign key constraint fails (`db_tokoonline`.`produk`, CONSTRAINT `produk_kategori_id_foreign` FOREIGN KEY (`kategori_id`) REFERENCES `kategori` (`id`)) (Connection: mysql, SQL: delete from `kategori` where `id` = 6) {"userId":1,"exception":"[object] (Illuminate\\Database\\QueryException(code: 23000): SQLSTATE[23000]: Integrity constraint violation: 1451 Cannot delete or update a parent row: a foreign key constraint fails (`db_tokoonline`.`produk`, CONSTRAINT `produk_kategori_id_foreign` FOREIGN KEY (`kategori_id`) REFERENCES `kategori` (`id`)) (Connection: mysql, SQL: delete from `kategori` where `id` = 6) at D:/PROJECT RADIT/Toko_online-Laravel/vendor/laravel/framework/src/Illuminate/Database/Connection.php:829)
[stacktrace]
#0 D:/PROJECT RADIT/Toko_online-Laravel/vendor/laravel/framework/src/Illuminate/Database/Connection.php(783): Illuminate/Database/Connection->runQueryCallback('delete from `ka...', Array, Object(Closure))
#1 D:/PROJECT RADIT/Toko_online-Laravel/vendor/laravel/framework/src/Illuminate/Database/Connection.php(600): Illuminate/Database/Connection->run('delete from `ka...', Array, Object(Closure))
#2 D:/PROJECT RADIT/Toko_online-Laravel/vendor/laravel/framework/src/Illuminate/Database/Connection.php(564): Illuminate/Database/Connection->affectingStatement('delete from `ka...', Array)
#3 D:/PROJECT RADIT/Toko_online-Laravel/vendor/laravel/framework/src/Illuminate/Database/Query/Builder.php(3796): Illuminate/Database/Connection->delete('delete from `ka...', Array)
#4 D:/PROJECT RADIT/Toko_online-Laravel/vendor/laravel/framework/src/Illuminate/Database/Eloquent/Builder.php(1273): Illuminate/Database/Query/Builder->delete()
#5 D:/PROJECT RADIT/Toko_online-Laravel/vendor/laravel/framework/src/Illuminate/Database/Eloquent/Model.php(1463): Illuminate/Database/Eloquent/Builder->delete()
#6 D:/PROJECT RADIT/Toko_online-Laravel/vendor/laravel/framework/src/Illuminate/Database/Eloquent/Model.php(1408): Illuminate/Database/Eloquent/Model->performDeleteOnModel()
#7 D:/PROJECT RADIT/Toko_online-Laravel/app/Http/Controllers/KategoriController.php(81): Illuminate/Database/Eloquent/Model->delete()
#8 D:/PROJECT RADIT/Toko_online-Laravel/vendor/laravel/framework/src/Illuminate/Routing/Controller.php(54): App/Http/Controllers/KategoriController->destroy('6')
#9 D:/PROJECT RADIT/Toko_online-Laravel/vendor/laravel/framework/src/Illuminate/Routing/ControllerDispatcher.php(43): Illuminate/Routing/Controller->callAction('destroy', Array)
#10 D:/PROJECT RADIT/Toko_online-Laravel/vendor/laravel/framework/src/Illuminate/Routing/Route.php(259): Illuminate/Routing/ControllerDispatcher->dispatch(Object(Illuminate/Routing/Route), Object(App/Http/Controllers/KategoriController), 'destroy')
#11 D:/PROJECT RADIT/Toko_online-Laravel/vendor/laravel/framework/src/Illuminate/Routing/Route.php(205): Illuminate/Routing/Route->runController()
#12 D:/PROJECT RADIT/Toko_online-Laravel/vendor/laravel/framework/src/Illuminate/Routing/Router.php(806): Illuminate/Routing/Route->run()
#13 D:/PROJECT RADIT/Toko_online-Laravel/vendor/laravel/framework/src/Illuminate/Pipeline/Pipeline.php(144): Illuminate/Routing/Router->{closure:Illuminate/Routing/Router::runRouteWithinStack():805}(Object(Illuminate/Http/Request))
#14 D:/PROJECT RADIT/Toko_online-Laravel/vendor/laravel/framework/src/Illuminate/Routing/Middleware/SubstituteBindings.php(50): Illuminate/Pipeline/Pipeline->{closure:Illuminate/Pipeline/Pipeline::prepareDestination():142}(Object(Illuminate/Http/Request))
#15 D:/PROJECT RADIT/Toko_online-Laravel/vendor/laravel/framework/src/Illuminate/Pipeline/Pipeline.php(183): Illuminate/Routing/Middleware/SubstituteBindings->handle(Object(Illuminate/Http/Request), Object(Closure))
#16 D:/PROJECT RADIT/Toko_online-Laravel/vendor/laravel/framework/src/Illuminate/Auth/Middleware/Authenticate.php(57): Illuminate/Pipeline/Pipeline->{closure:{closure:Illuminate/Pipeline/Pipeline::carry():158}:159}(Object(Illuminate/Http/Request))
#17 D:/PROJECT RADIT/Toko_online-Laravel/vendor/laravel/framework/src/Illuminate/Pipeline/Pipeline.php(183): Illuminate/Auth/Middleware/Authenticate->handle(Object(Illuminate/Http/Request), Object(Closure))
#18 D:/PROJECT RADIT/Toko_online-Laravel/vendor/laravel/framework/src/Illuminate/Foundation/Http/Middleware/VerifyCsrfToken.php(78): Illuminate/Pipeline/Pipeline->{closure:{closure:Illuminate/Pipeline/Pipeline::carry():158}:159}(Object(Illuminate/Http/Request))
#19 D:/PROJECT RADIT/Toko_online-Laravel/vendor/laravel/framework/src/Illuminate/Pipeline/Pipeline.php(183): Illuminate/Foundation/Http/Middleware/VerifyCsrfToken->handle(Object(Illuminate/Http/Request), Object(Closure))
#20 D:/PROJECT RADIT/Toko_online-Laravel/vendor/laravel/framework/src/Illuminate/View/Middleware/ShareErrorsFromSession.php(49): Illuminate/Pipeline/Pipeline->{closure:{closure:Illuminate/Pipeline/Pipeline::carry():158}:159}(Object(Illuminate/Http/Request))
#21 D:/PROJECT RADIT/Toko_online-Laravel/vendor/laravel/framework/src/Illuminate/Pipeline/Pipeline.php(183): Illuminate/View/Middleware/ShareErrorsFromSession->handle(Object(Illuminate/Http/Request), Object(Closure))
#22 D:/PROJECT RADIT/Toko_online-Laravel/vendor/laravel/framework/src/Illuminate/Session/Middleware/StartSession.php(121): Illuminate/Pipeline/Pipeline->{closure:{closure:Illuminate/Pipeline/Pipeline::carry():158}:159}(Object(Illuminate/Http/Request))
#23 D:/PROJECT RADIT/Toko_online-Laravel/vendor/laravel/framework/src/Illuminate/Session/Middleware/StartSession.php(64): Illuminate/Session/Middleware/StartSession->handleStatefulRequest(Object(Illuminate/Http/Request), Object(Illuminate/Session/Store), Object(Closure))
#24 D:/PROJECT RADIT/Toko_online-Laravel/vendor/laravel/framework/src/Illuminate/Pipeline/Pipeline.php(183): Illuminate/Session/Middleware/StartSession->handle(Object(Illuminate/Http/Request), Object(Closure))
#25 D:/PROJECT RADIT/Toko_online-Laravel/vendor/laravel/framework/src/Illuminate/Cookie/Middleware/AddQueuedCookiesToResponse.php(37): Illuminate/Pipeline/Pipeline->{closure:{closure:Illuminate/Pipeline/Pipeline::carry():158}:159}(Object(Illuminate/Http/Request))
#26 D:/PROJECT RADIT/Toko_online-Laravel/vendor/laravel/framework/src/Illuminate/Pipeline/Pipeline.php(183): Illuminate/Cookie/Middleware/AddQueuedCookiesToResponse->handle(Object(Illuminate/Http/Request), Object(Closure))
#27 D:/PROJECT RADIT/Toko_online-Laravel/vendor/laravel/framework/src/Illuminate/Cookie/Middleware/EncryptCookies.php(67): Illuminate/Pipeline/Pipeline->{closure:{closure:Illuminate/Pipeline/Pipeline::carry():158}:159}(Object(Illuminate/Http/Request))
#28 D:/PROJECT RADIT/Toko_online-Laravel/vendor/laravel/framework/src/Illuminate/Pipeline/Pipeline.php(183): Illuminate/Cookie/Middleware/EncryptCookies->handle(Object(Illuminate/Http/Request), Object(Closure))
#29 D:/PROJECT RADIT/Toko_online-Laravel/vendor/laravel/framework/src/Illuminate/Pipeline/Pipeline.php(119): Illuminate/Pipeline/Pipeline->{closure:{closure:Illuminate/Pipeline/Pipeline::carry():158}:159}(Object(Illuminate/Http/Request))
#30 D:/PROJECT RADIT/Toko_online-Laravel/vendor/laravel/framework/src/Illuminate/Routing/Router.php(805): Illuminate/Pipeline/Pipeline->then(Object(Closure))
#31 D:/PROJECT RADIT/Toko_online-Laravel/vendor/laravel/framework/src/Illuminate/Routing/Router.php(784): Illuminate/Routing/Router->runRouteWithinStack(Object(Illuminate/Routing/Route), Object(Illuminate/Http/Request))
#32 D:/PROJECT RADIT/Toko_online-Laravel/vendor/laravel/framework/src/Illuminate/Routing/Router.php(748): Illuminate/Routing/Router->runRoute(Object(Illuminate/Http/Request), Object(Illuminate/Routing/Route))
#33 D:/PROJECT RADIT/Toko_online-Laravel/vendor/laravel/framework/src/Illuminate/Routing/Router.php(737): Illuminate/Routing/Router->dispatchToRoute(Object(Illuminate/Http/Request))
#34 D:/PROJECT RADIT/Toko_online-Laravel/vendor/laravel/framework/src/Illuminate/Foundation/Http/Kernel.php(200): Illuminate/Routing/Router->dispatch(Object(Illuminate/Http/Request))
#35 D:/PROJECT RADIT/Toko_online-Laravel/vendor/laravel/framework/src/Illuminate/Pipeline/Pipeline.php(144): Illuminate/Foundation/Http/Kernel->{closure:Illuminate/Foundation/Http/Kernel::dispatchToRouter():197}(Object(Illuminate/Http/Request))
#36 D:/PROJECT RADIT/Toko_online-Laravel/vendor/laravel/framework/src/Illuminate/Foundation/Http/Middleware/TransformsRequest.php(21): Illuminate/Pipeline/Pipeline->{closure:Illuminate/Pipeline/Pipeline::prepareDestination():142}(Object(Illuminate/Http/Request))
#37 D:/PROJECT RADIT/Toko_online-Laravel/vendor/laravel/framework/src/Illuminate/Foundation/Http/Middleware/ConvertEmptyStringsToNull.php(31): Illuminate/Foundation/Http/Middleware/TransformsRequest->handle(Object(Illuminate/Http/Request), Object(Closure))
#38 D:/PROJECT RADIT/Toko_online-Laravel/vendor/laravel/framework/src/Illuminate/Pipeline/Pipeline.php(183): Illuminate/Foundation/Http/Middleware/ConvertEmptyStringsToNull->handle(Object(Illuminate/Http/Request), Object(Closure))
#39 D:/PROJECT RADIT/Toko_online-Laravel/vendor/laravel/framework/src/Illuminate/Foundation/Http/Middleware/TransformsRequest.php(21): Illuminate/Pipeline/Pipeline->{closure:{closure:Illuminate/Pipeline/Pipeline::carry():158}:159}(Object(Illuminate/Http/Request))
#40 D:/PROJECT RADIT/Toko_online-Laravel/vendor/laravel/framework/src/Illuminate/Foundation/Http/Middleware/TrimStrings.php(40): Illuminate/Foundation/Http/Middleware/TransformsRequest->handle(Object(Illuminate/Http/Request), Object(Closure))
#41 D:/PROJECT RADIT/Toko_online-Laravel/vendor/laravel/framework/src/Illuminate/Pipeline/Pipeline.php(183): Illuminate/Foundation/Http/Middleware/TrimStrings->handle(Object(Illuminate/Http/Request), Object(Closure))
#42 D:/PROJECT RADIT/Toko_online-Laravel/vendor/laravel/framework/src/Illuminate/Foundation/Http/Middleware/ValidatePostSize.php(27): Illuminate/Pipeline/Pipeline->{closure:{closure:Illuminate/Pipeline/Pipeline::carry():158}:159}(Object(Illuminate/Http/Request))
#43 D:/PROJECT RADIT/Toko_online-Laravel/vendor/laravel/framework/src/Illuminate/Pipeline/Pipeline.php(183): Illuminate/Foundation/Http/Middleware/ValidatePostSize->handle(Object(Illuminate/Http/Request), Object(Closure))
#44 D:/PROJECT RADIT/Toko_online-Laravel/vendor/laravel/framework/src/Illuminate/Foundation/Http/Middleware/PreventRequestsDuringMaintenance.php(99): Illuminate/Pipeline/Pipeline->{closure:{closure:Illuminate/Pipeline/Pipeline::carry():158}:159}(Object(Illuminate/Http/Request))
#45 D:/PROJECT RADIT/Toko_online-Laravel/vendor/laravel/framework/src/Illuminate/Pipeline/Pipeline.php(183): Illuminate/Foundation/Http/Middleware/PreventRequestsDuringMaintenance->handle(Object(Illuminate/Http/Request), Object(Closure))
#46 D:/PROJECT RADIT/Toko_online-Laravel/vendor/laravel/framework/src/Illuminate/Http/Middleware/HandleCors.php(49): Illuminate/Pipeline/Pipeline->{closure:{closure:Illuminate/Pipeline/Pipeline::carry():158}:159}(Object(Illuminate/Http/Request))
#47 D:/PROJECT RADIT/Toko_online-Laravel/vendor/laravel/framework/src/Illuminate/Pipeline/Pipeline.php(183): Illuminate/Http/Middleware/HandleCors->handle(Object(Illuminate/Http/Request), Object(Closure))
#48 D:/PROJECT RADIT/Toko_online-Laravel/vendor/laravel/framework/src/Illuminate/Http/Middleware/TrustProxies.php(39): Illuminate/Pipeline/Pipeline->{closure:{closure:Illuminate/Pipeline/Pipeline::carry():158}:159}(Object(Illuminate/Http/Request))
#49 D:/PROJECT RADIT/Toko_online-Laravel/vendor/laravel/framework/src/Illuminate/Pipeline/Pipeline.php(183): Illuminate/Http/Middleware/TrustProxies->handle(Object(Illuminate/Http/Request), Object(Closure))
#50 D:/PROJECT RADIT/Toko_online-Laravel/vendor/laravel/framework/src/Illuminate/Pipeline/Pipeline.php(119): Illuminate/Pipeline/Pipeline->{closure:{closure:Illuminate/Pipeline/Pipeline::carry():158}:159}(Object(Illuminate/Http/Request))
#51 D:/PROJECT RADIT/Toko_online-Laravel/vendor/laravel/framework/src/Illuminate/Foundation/Http/Kernel.php(175): Illuminate/Pipeline/Pipeline->then(Object(Closure))
#52 D:/PROJECT RADIT/Toko_online-Laravel/vendor/laravel/framework/src/Illuminate/Foundation/Http/Kernel.php(144): Illuminate/Foundation/Http/Kernel->sendRequestThroughRouter(Object(Illuminate/Http/Request))
#53 D:/PROJECT RADIT/Toko_online-Laravel/public/index.php(51): Illuminate/Foundation/Http/Kernel->handle(Object(Illuminate/Http/Request))
#54 D:/PROJECT RADIT/Toko_online-Laravel/vendor/laravel/framework/src/Illuminate/Foundation/resources/server.php(16): require_once('D://PROJECT RADI...')
#55 {main}

[previous exception] [object] (PDOException(code: 23000): SQLSTATE[23000]: Integrity constraint violation: 1451 Cannot delete or update a parent row: a foreign key constraint fails (`db_tokoonline`.`produk`, CONSTRAINT `produk_kategori_id_foreign` FOREIGN KEY (`kategori_id`) REFERENCES `kategori` (`id`)) at D:/PROJECT RADIT/Toko_online-Laravel/vendor/laravel/framework/src/Illuminate/Database/Connection.php:612)
[stacktrace]
#0 D:/PROJECT RADIT/Toko_online-Laravel/vendor/laravel/framework/src/Illuminate/Database/Connection.php(612): PDOStatement->execute()
#1 D:/PROJECT RADIT/Toko_online-Laravel/vendor/laravel/framework/src/Illuminate/Database/Connection.php(816): Illuminate/Database/Connection->{closure:Illuminate/Database/Connection::affectingStatement():600}('delete from `ka...', Array)
#2 D:/PROJECT RADIT/Toko_online-Laravel/vendor/laravel/framework/src/Illuminate/Database/Connection.php(783): Illuminate/Database/Connection->runQueryCallback('delete from `ka...', Array, Object(Closure))
#3 D:/PROJECT RADIT/Toko_online-Laravel/vendor/laravel/framework/src/Illuminate/Database/Connection.php(600): Illuminate/Database/Connection->run('delete from `ka...', Array, Object(Closure))
#4 D:/PROJECT RADIT/Toko_online-Laravel/vendor/laravel/framework/src/Illuminate/Database/Connection.php(564): Illuminate/Database/Connection->affectingStatement('delete from `ka...', Array)
#5 D:/PROJECT RADIT/Toko_online-Laravel/vendor/laravel/framework/src/Illuminate/Database/Query/Builder.php(3796): Illuminate/Database/Connection->delete('delete from `ka...', Array)
#6 D:/PROJECT RADIT/Toko_online-Laravel/vendor/laravel/framework/src/Illuminate/Database/Eloquent/Builder.php(1273): Illuminate/Database/Query/Builder->delete()
#7 D:/PROJECT RADIT/Toko_online-Laravel/vendor/laravel/framework/src/Illuminate/Database/Eloquent/Model.php(1463): Illuminate/Database/Eloquent/Builder->delete()
#8 D:/PROJECT RADIT/Toko_online-Laravel/vendor/laravel/framework/src/Illuminate/Database/Eloquent/Model.php(1408): Illuminate/Database/Eloquent/Model->performDeleteOnModel()
#9 D:/PROJECT RADIT/Toko_online-Laravel/app/Http/Controllers/KategoriController.php(81): Illuminate/Database/Eloquent/Model->delete()
#10 D:/PROJECT RADIT/Toko_online-Laravel/vendor/laravel/framework/src/Illuminate/Routing/Controller.php(54): App/Http/Controllers/KategoriController->destroy('6')
#11 D:/PROJECT RADIT/Toko_online-Laravel/vendor/laravel/framework/src/Illuminate/Routing/ControllerDispatcher.php(43): Illuminate/Routing/Controller->callAction('destroy', Array)
#12 D:/PROJECT RADIT/Toko_online-Laravel/vendor/laravel/framework/src/Illuminate/Routing/Route.php(259): Illuminate/Routing/ControllerDispatcher->dispatch(Object(Illuminate/Routing/Route), Object(App/Http/Controllers/KategoriController), 'destroy')
#13 D:/PROJECT RADIT/Toko_online-Laravel/vendor/laravel/framework/src/Illuminate/Routing/Route.php(205): Illuminate/Routing/Route->runController()
#14 D:/PROJECT RADIT/Toko_online-Laravel/vendor/laravel/framework/src/Illuminate/Routing/Router.php(806): Illuminate/Routing/Route->run()
#15 D:/PROJECT RADIT/Toko_online-Laravel/vendor/laravel/framework/src/Illuminate/Pipeline/Pipeline.php(144): Illuminate/Routing/Router->{closure:Illuminate/Routing/Router::runRouteWithinStack():805}(Object(Illuminate/Http/Request))
#16 D:/PROJECT RADIT/Toko_online-Laravel/vendor/laravel/framework/src/Illuminate/Routing/Middleware/SubstituteBindings.php(50): Illuminate/Pipeline/Pipeline->{closure:Illuminate/Pipeline/Pipeline::prepareDestination():142}(Object(Illuminate/Http/Request))
#17 D:/PROJECT RADIT/Toko_online-Laravel/vendor/laravel/framework/src/Illuminate/Pipeline/Pipeline.php(183): Illuminate/Routing/Middleware/SubstituteBindings->handle(Object(Illuminate/Http/Request), Object(Closure))
#18 D:/PROJECT RADIT/Toko_online-Laravel/vendor/laravel/framework/src/Illuminate/Auth/Middleware/Authenticate.php(57): Illuminate/Pipeline/Pipeline->{closure:{closure:Illuminate/Pipeline/Pipeline::carry():158}:159}(Object(Illuminate/Http/Request))
#19 D:/PROJECT RADIT/Toko_online-Laravel/vendor/laravel/framework/src/Illuminate/Pipeline/Pipeline.php(183): Illuminate/Auth/Middleware/Authenticate->handle(Object(Illuminate/Http/Request), Object(Closure))
#20 D:/PROJECT RADIT/Toko_online-Laravel/vendor/laravel/framework/src/Illuminate/Foundation/Http/Middleware/VerifyCsrfToken.php(78): Illuminate/Pipeline/Pipeline->{closure:{closure:Illuminate/Pipeline/Pipeline::carry():158}:159}(Object(Illuminate/Http/Request))
#21 D:/PROJECT RADIT/Toko_online-Laravel/vendor/laravel/framework/src/Illuminate/Pipeline/Pipeline.php(183): Illuminate/Foundation/Http/Middleware/VerifyCsrfToken->handle(Object(Illuminate/Http/Request), Object(Closure))
#22 D:/PROJECT RADIT/Toko_online-Laravel/vendor/laravel/framework/src/Illuminate/View/Middleware/ShareErrorsFromSession.php(49): Illuminate/Pipeline/Pipeline->{closure:{closure:Illuminate/Pipeline/Pipeline::carry():158}:159}(Object(Illuminate/Http/Request))
#23 D:/PROJECT RADIT/Toko_online-Laravel/vendor/laravel/framework/src/Illuminate/Pipeline/Pipeline.php(183): Illuminate/View/Middleware/ShareErrorsFromSession->handle(Object(Illuminate/Http/Request), Object(Closure))
#24 D:/PROJECT RADIT/Toko_online-Laravel/vendor/laravel/framework/src/Illuminate/Session/Middleware/StartSession.php(121): Illuminate/Pipeline/Pipeline->{closure:{closure:Illuminate/Pipeline/Pipeline::carry():158}:159}(Object(Illuminate/Http/Request))
#25 D:/PROJECT RADIT/Toko_online-Laravel/vendor/laravel/framework/src/Illuminate/Session/Middleware/StartSession.php(64): Illuminate/Session/Middleware/StartSession->handleStatefulRequest(Object(Illuminate/Http/Request), Object(Illuminate/Session/Store), Object(Closure))
#26 D:/PROJECT RADIT/Toko_online-Laravel/vendor/laravel/framework/src/Illuminate/Pipeline/Pipeline.php(183): Illuminate/Session/Middleware/StartSession->handle(Object(Illuminate/Http/Request), Object(Closure))
#27 D:/PROJECT RADIT/Toko_online-Laravel/vendor/laravel/framework/src/Illuminate/Cookie/Middleware/AddQueuedCookiesToResponse.php(37): Illuminate/Pipeline/Pipeline->{closure:{closure:Illuminate/Pipeline/Pipeline::carry():158}:159}(Object(Illuminate/Http/Request))
#28 D:/PROJECT RADIT/Toko_online-Laravel/vendor/laravel/framework/src/Illuminate/Pipeline/Pipeline.php(183): Illuminate/Cookie/Middleware/AddQueuedCookiesToResponse->handle(Object(Illuminate/Http/Request), Object(Closure))
#29 D:/PROJECT RADIT/Toko_online-Laravel/vendor/laravel/framework/src/Illuminate/Cookie/Middleware/EncryptCookies.php(67): Illuminate/Pipeline/Pipeline->{closure:{closure:Illuminate/Pipeline/Pipeline::carry():158}:159}(Object(Illuminate/Http/Request))
#30 D:/PROJECT RADIT/Toko_online-Laravel/vendor/laravel/framework/src/Illuminate/Pipeline/Pipeline.php(183): Illuminate/Cookie/Middleware/EncryptCookies->handle(Object(Illuminate/Http/Request), Object(Closure))
#31 D:/PROJECT RADIT/Toko_online-Laravel/vendor/laravel/framework/src/Illuminate/Pipeline/Pipeline.php(119): Illuminate/Pipeline/Pipeline->{closure:{closure:Illuminate/Pipeline/Pipeline::carry():158}:159}(Object(Illuminate/Http/Request))
#32 D:/PROJECT RADIT/Toko_online-Laravel/vendor/laravel/framework/src/Illuminate/Routing/Router.php(805): Illuminate/Pipeline/Pipeline->then(Object(Closure))
#33 D:/PROJECT RADIT/Toko_online-Laravel/vendor/laravel/framework/src/Illuminate/Routing/Router.php(784): Illuminate/Routing/Router->runRouteWithinStack(Object(Illuminate/Routing/Route), Object(Illuminate/Http/Request))
#34 D:/PROJECT RADIT/Toko_online-Laravel/vendor/laravel/framework/src/Illuminate/Routing/Router.php(748): Illuminate/Routing/Router->runRoute(Object(Illuminate/Http/Request), Object(Illuminate/Routing/Route))
#35 D:/PROJECT RADIT/Toko_online-Laravel/vendor/laravel/framework/src/Illuminate/Routing/Router.php(737): Illuminate/Routing/Router->dispatchToRoute(Object(Illuminate/Http/Request))
#36 D:/PROJECT RADIT/Toko_online-Laravel/vendor/laravel/framework/src/Illuminate/Foundation/Http/Kernel.php(200): Illuminate/Routing/Router->dispatch(Object(Illuminate/Http/Request))
#37 D:/PROJECT RADIT/Toko_online-Laravel/vendor/laravel/framework/src/Illuminate/Pipeline/Pipeline.php(144): Illuminate/Foundation/Http/Kernel->{closure:Illuminate/Foundation/Http/Kernel::dispatchToRouter():197}(Object(Illuminate/Http/Request))
#38 D:/PROJECT RADIT/Toko_online-Laravel/vendor/laravel/framework/src/Illuminate/Foundation/Http/Middleware/TransformsRequest.php(21): Illuminate/Pipeline/Pipeline->{closure:Illuminate/Pipeline/Pipeline::prepareDestination():142}(Object(Illuminate/Http/Request))
#39 D:/PROJECT RADIT/Toko_online-Laravel/vendor/laravel/framework/src/Illuminate/Foundation/Http/Middleware/ConvertEmptyStringsToNull.php(31): Illuminate/Foundation/Http/Middleware/TransformsRequest->handle(Object(Illuminate/Http/Request), Object(Closure))
#40 D:/PROJECT RADIT/Toko_online-Laravel/vendor/laravel/framework/src/Illuminate/Pipeline/Pipeline.php(183): Illuminate/Foundation/Http/Middleware/ConvertEmptyStringsToNull->handle(Object(Illuminate/Http/Request), Object(Closure))
#41 D:/PROJECT RADIT/Toko_online-Laravel/vendor/laravel/framework/src/Illuminate/Foundation/Http/Middleware/TransformsRequest.php(21): Illuminate/Pipeline/Pipeline->{closure:{closure:Illuminate/Pipeline/Pipeline::carry():158}:159}(Object(Illuminate/Http/Request))
#42 D:/PROJECT RADIT/Toko_online-Laravel/vendor/laravel/framework/src/Illuminate/Foundation/Http/Middleware/TrimStrings.php(40): Illuminate/Foundation/Http/Middleware/TransformsRequest->handle(Object(Illuminate/Http/Request), Object(Closure))
#43 D:/PROJECT RADIT/Toko_online-Laravel/vendor/laravel/framework/src/Illuminate/Pipeline/Pipeline.php(183): Illuminate/Foundation/Http/Middleware/TrimStrings->handle(Object(Illuminate/Http/Request), Object(Closure))
#44 D:/PROJECT RADIT/Toko_online-Laravel/vendor/laravel/framework/src/Illuminate/Foundation/Http/Middleware/ValidatePostSize.php(27): Illuminate/Pipeline/Pipeline->{closure:{closure:Illuminate/Pipeline/Pipeline::carry():158}:159}(Object(Illuminate/Http/Request))
#45 D:/PROJECT RADIT/Toko_online-Laravel/vendor/laravel/framework/src/Illuminate/Pipeline/Pipeline.php(183): Illuminate/Foundation/Http/Middleware/ValidatePostSize->handle(Object(Illuminate/Http/Request), Object(Closure))
#46 D:/PROJECT RADIT/Toko_online-Laravel/vendor/laravel/framework/src/Illuminate/Foundation/Http/Middleware/PreventRequestsDuringMaintenance.php(99): Illuminate/Pipeline/Pipeline->{closure:{closure:Illuminate/Pipeline/Pipeline::carry():158}:159}(Object(Illuminate/Http/Request))
#47 D:/PROJECT RADIT/Toko_online-Laravel/vendor/laravel/framework/src/Illuminate/Pipeline/Pipeline.php(183): Illuminate/Foundation/Http/Middleware/PreventRequestsDuringMaintenance->handle(Object(Illuminate/Http/Request), Object(Closure))
#48 D:/PROJECT RADIT/Toko_online-Laravel/vendor/laravel/framework/src/Illuminate/Http/Middleware/HandleCors.php(49): Illuminate/Pipeline/Pipeline->{closure:{closure:Illuminate/Pipeline/Pipeline::carry():158}:159}(Object(Illuminate/Http/Request))
#49 D:/PROJECT RADIT/Toko_online-Laravel/vendor/laravel/framework/src/Illuminate/Pipeline/Pipeline.php(183): Illuminate/Http/Middleware/HandleCors->handle(Object(Illuminate/Http/Request), Object(Closure))
#50 D:/PROJECT RADIT/Toko_online-Laravel/vendor/laravel/framework/src/Illuminate/Http/Middleware/TrustProxies.php(39): Illuminate/Pipeline/Pipeline->{closure:{closure:Illuminate/Pipeline/Pipeline::carry():158}:159}(Object(Illuminate/Http/Request))
#51 D:/PROJECT RADIT/Toko_online-Laravel/vendor/laravel/framework/src/Illuminate/Pipeline/Pipeline.php(183): Illuminate/Http/Middleware/TrustProxies->handle(Object(Illuminate/Http/Request), Object(Closure))
#52 D:/PROJECT RADIT/Toko_online-Laravel/vendor/laravel/framework/src/Illuminate/Pipeline/Pipeline.php(119): Illuminate/Pipeline/Pipeline->{closure:{closure:Illuminate/Pipeline/Pipeline::carry():158}:159}(Object(Illuminate/Http/Request))
#53 D:/PROJECT RADIT/Toko_online-Laravel/vendor/laravel/framework/src/Illuminate/Foundation/Http/Kernel.php(175): Illuminate/Pipeline/Pipeline->then(Object(Closure))
#54 D:/PROJECT RADIT/Toko_online-Laravel/vendor/laravel/framework/src/Illuminate/Foundation/Http/Kernel.php(144): Illuminate/Foundation/Http/Kernel->sendRequestThroughRouter(Object(Illuminate/Http/Request))
#55 D:/PROJECT RADIT/Toko_online-Laravel/public/index.php(51): Illuminate/Foundation/Http/Kernel->handle(Object(Illuminate/Http/Request))
#56 D:/PROJECT RADIT/Toko_online-Laravel/vendor/laravel/framework/src/Illuminate/Foundation/resources/server.php(16): require_once('D://PROJECT RADI...')
#57 {main}
"} 
[2026-06-30 13:26:35] local.ERROR: SQLSTATE[23000]: Integrity constraint violation: 1451 Cannot delete or update a parent row: a foreign key constraint fails (`db_tokoonline`.`detail_transaksi`, CONSTRAINT `detail_transaksi_produk_id_foreign` FOREIGN KEY (`produk_id`) REFERENCES `produk` (`id`)) (Connection: mysql, SQL: delete from `produk` where `id` = 1) {"userId":1,"exception":"[object] (Illuminate\\Database\\QueryException(code: 23000): SQLSTATE[23000]: Integrity constraint violation: 1451 Cannot delete or update a parent row: a foreign key constraint fails (`db_tokoonline`.`detail_transaksi`, CONSTRAINT `detail_transaksi_produk_id_foreign` FOREIGN KEY (`produk_id`) REFERENCES `produk` (`id`)) (Connection: mysql, SQL: delete from `produk` where `id` = 1) at D:/PROJECT RADIT/Toko_online-Laravel/vendor/laravel/framework/src/Illuminate/Database/Connection.php:829)
[stacktrace]
#0 D:/PROJECT RADIT/Toko_online-Laravel/vendor/laravel/framework/src/Illuminate/Database/Connection.php(783): Illuminate/Database/Connection->runQueryCallback('delete from `pr...', Array, Object(Closure))
#1 D:/PROJECT RADIT/Toko_online-Laravel/vendor/laravel/framework/src/Illuminate/Database/Connection.php(600): Illuminate/Database/Connection->run('delete from `pr...', Array, Object(Closure))
#2 D:/PROJECT RADIT/Toko_online-Laravel/vendor/laravel/framework/src/Illuminate/Database/Connection.php(564): Illuminate/Database/Connection->affectingStatement('delete from `pr...', Array)
#3 D:/PROJECT RADIT/Toko_online-Laravel/vendor/laravel/framework/src/Illuminate/Database/Query/Builder.php(3796): Illuminate/Database/Connection->delete('delete from `pr...', Array)
#4 D:/PROJECT RADIT/Toko_online-Laravel/vendor/laravel/framework/src/Illuminate/Database/Eloquent/Builder.php(1273): Illuminate/Database/Query/Builder->delete()
#5 D:/PROJECT RADIT/Toko_online-Laravel/vendor/laravel/framework/src/Illuminate/Database/Eloquent/Model.php(1463): Illuminate/Database/Eloquent/Builder->delete()
#6 D:/PROJECT RADIT/Toko_online-Laravel/vendor/laravel/framework/src/Illuminate/Database/Eloquent/Model.php(1408): Illuminate/Database/Eloquent/Model->performDeleteOnModel()
#7 D:/PROJECT RADIT/Toko_online-Laravel/app/Http/Controllers/ProdukController.php(219): Illuminate/Database/Eloquent/Model->delete()
#8 D:/PROJECT RADIT/Toko_online-Laravel/vendor/laravel/framework/src/Illuminate/Routing/Controller.php(54): App/Http/Controllers/ProdukController->destroy('1')
#9 D:/PROJECT RADIT/Toko_online-Laravel/vendor/laravel/framework/src/Illuminate/Routing/ControllerDispatcher.php(43): Illuminate/Routing/Controller->callAction('destroy', Array)
#10 D:/PROJECT RADIT/Toko_online-Laravel/vendor/laravel/framework/src/Illuminate/Routing/Route.php(259): Illuminate/Routing/ControllerDispatcher->dispatch(Object(Illuminate/Routing/Route), Object(App/Http/Controllers/ProdukController), 'destroy')
#11 D:/PROJECT RADIT/Toko_online-Laravel/vendor/laravel/framework/src/Illuminate/Routing/Route.php(205): Illuminate/Routing/Route->runController()
#12 D:/PROJECT RADIT/Toko_online-Laravel/vendor/laravel/framework/src/Illuminate/Routing/Router.php(806): Illuminate/Routing/Route->run()
#13 D:/PROJECT RADIT/Toko_online-Laravel/vendor/laravel/framework/src/Illuminate/Pipeline/Pipeline.php(144): Illuminate/Routing/Router->{closure:Illuminate/Routing/Router::runRouteWithinStack():805}(Object(Illuminate/Http/Request))
#14 D:/PROJECT RADIT/Toko_online-Laravel/vendor/laravel/framework/src/Illuminate/Routing/Middleware/SubstituteBindings.php(50): Illuminate/Pipeline/Pipeline->{closure:Illuminate/Pipeline/Pipeline::prepareDestination():142}(Object(Illuminate/Http/Request))
#15 D:/PROJECT RADIT/Toko_online-Laravel/vendor/laravel/framework/src/Illuminate/Pipeline/Pipeline.php(183): Illuminate/Routing/Middleware/SubstituteBindings->handle(Object(Illuminate/Http/Request), Object(Closure))
#16 D:/PROJECT RADIT/Toko_online-Laravel/vendor/laravel/framework/src/Illuminate/Auth/Middleware/Authenticate.php(57): Illuminate/Pipeline/Pipeline->{closure:{closure:Illuminate/Pipeline/Pipeline::carry():158}:159}(Object(Illuminate/Http/Request))
#17 D:/PROJECT RADIT/Toko_online-Laravel/vendor/laravel/framework/src/Illuminate/Pipeline/Pipeline.php(183): Illuminate/Auth/Middleware/Authenticate->handle(Object(Illuminate/Http/Request), Object(Closure))
#18 D:/PROJECT RADIT/Toko_online-Laravel/vendor/laravel/framework/src/Illuminate/Foundation/Http/Middleware/VerifyCsrfToken.php(78): Illuminate/Pipeline/Pipeline->{closure:{closure:Illuminate/Pipeline/Pipeline::carry():158}:159}(Object(Illuminate/Http/Request))
#19 D:/PROJECT RADIT/Toko_online-Laravel/vendor/laravel/framework/src/Illuminate/Pipeline/Pipeline.php(183): Illuminate/Foundation/Http/Middleware/VerifyCsrfToken->handle(Object(Illuminate/Http/Request), Object(Closure))
#20 D:/PROJECT RADIT/Toko_online-Laravel/vendor/laravel/framework/src/Illuminate/View/Middleware/ShareErrorsFromSession.php(49): Illuminate/Pipeline/Pipeline->{closure:{closure:Illuminate/Pipeline/Pipeline::carry():158}:159}(Object(Illuminate/Http/Request))
#21 D:/PROJECT RADIT/Toko_online-Laravel/vendor/laravel/framework/src/Illuminate/Pipeline/Pipeline.php(183): Illuminate/View/Middleware/ShareErrorsFromSession->handle(Object(Illuminate/Http/Request), Object(Closure))
#22 D:/PROJECT RADIT/Toko_online-Laravel/vendor/laravel/framework/src/Illuminate/Session/Middleware/StartSession.php(121): Illuminate/Pipeline/Pipeline->{closure:{closure:Illuminate/Pipeline/Pipeline::carry():158}:159}(Object(Illuminate/Http/Request))
#23 D:/PROJECT RADIT/Toko_online-Laravel/vendor/laravel/framework/src/Illuminate/Session/Middleware/StartSession.php(64): Illuminate/Session/Middleware/StartSession->handleStatefulRequest(Object(Illuminate/Http/Request), Object(Illuminate/Session/Store), Object(Closure))
#24 D:/PROJECT RADIT/Toko_online-Laravel/vendor/laravel/framework/src/Illuminate/Pipeline/Pipeline.php(183): Illuminate/Session/Middleware/StartSession->handle(Object(Illuminate/Http/Request), Object(Closure))
#25 D:/PROJECT RADIT/Toko_online-Laravel/vendor/laravel/framework/src/Illuminate/Cookie/Middleware/AddQueuedCookiesToResponse.php(37): Illuminate/Pipeline/Pipeline->{closure:{closure:Illuminate/Pipeline/Pipeline::carry():158}:159}(Object(Illuminate/Http/Request))
#26 D:/PROJECT RADIT/Toko_online-Laravel/vendor/laravel/framework/src/Illuminate/Pipeline/Pipeline.php(183): Illuminate/Cookie/Middleware/AddQueuedCookiesToResponse->handle(Object(Illuminate/Http/Request), Object(Closure))
#27 D:/PROJECT RADIT/Toko_online-Laravel/vendor/laravel/framework/src/Illuminate/Cookie/Middleware/EncryptCookies.php(67): Illuminate/Pipeline/Pipeline->{closure:{closure:Illuminate/Pipeline/Pipeline::carry():158}:159}(Object(Illuminate/Http/Request))
#28 D:/PROJECT RADIT/Toko_online-Laravel/vendor/laravel/framework/src/Illuminate/Pipeline/Pipeline.php(183): Illuminate/Cookie/Middleware/EncryptCookies->handle(Object(Illuminate/Http/Request), Object(Closure))
#29 D:/PROJECT RADIT/Toko_online-Laravel/vendor/laravel/framework/src/Illuminate/Pipeline/Pipeline.php(119): Illuminate/Pipeline/Pipeline->{closure:{closure:Illuminate/Pipeline/Pipeline::carry():158}:159}(Object(Illuminate/Http/Request))
#30 D:/PROJECT RADIT/Toko_online-Laravel/vendor/laravel/framework/src/Illuminate/Routing/Router.php(805): Illuminate/Pipeline/Pipeline->then(Object(Closure))
#31 D:/PROJECT RADIT/Toko_online-Laravel/vendor/laravel/framework/src/Illuminate/Routing/Router.php(784): Illuminate/Routing/Router->runRouteWithinStack(Object(Illuminate/Routing/Route), Object(Illuminate/Http/Request))
#32 D:/PROJECT RADIT/Toko_online-Laravel/vendor/laravel/framework/src/Illuminate/Routing/Router.php(748): Illuminate/Routing/Router->runRoute(Object(Illuminate/Http/Request), Object(Illuminate/Routing/Route))
#33 D:/PROJECT RADIT/Toko_online-Laravel/vendor/laravel/framework/src/Illuminate/Routing/Router.php(737): Illuminate/Routing/Router->dispatchToRoute(Object(Illuminate/Http/Request))
#34 D:/PROJECT RADIT/Toko_online-Laravel/vendor/laravel/framework/src/Illuminate/Foundation/Http/Kernel.php(200): Illuminate/Routing/Router->dispatch(Object(Illuminate/Http/Request))
#35 D:/PROJECT RADIT/Toko_online-Laravel/vendor/laravel/framework/src/Illuminate/Pipeline/Pipeline.php(144): Illuminate/Foundation/Http/Kernel->{closure:Illuminate/Foundation/Http/Kernel::dispatchToRouter():197}(Object(Illuminate/Http/Request))
#36 D:/PROJECT RADIT/Toko_online-Laravel/vendor/laravel/framework/src/Illuminate/Foundation/Http/Middleware/TransformsRequest.php(21): Illuminate/Pipeline/Pipeline->{closure:Illuminate/Pipeline/Pipeline::prepareDestination():142}(Object(Illuminate/Http/Request))
#37 D:/PROJECT RADIT/Toko_online-Laravel/vendor/laravel/framework/src/Illuminate/Foundation/Http/Middleware/ConvertEmptyStringsToNull.php(31): Illuminate/Foundation/Http/Middleware/TransformsRequest->handle(Object(Illuminate/Http/Request), Object(Closure))
#38 D:/PROJECT RADIT/Toko_online-Laravel/vendor/laravel/framework/src/Illuminate/Pipeline/Pipeline.php(183): Illuminate/Foundation/Http/Middleware/ConvertEmptyStringsToNull->handle(Object(Illuminate/Http/Request), Object(Closure))
#39 D:/PROJECT RADIT/Toko_online-Laravel/vendor/laravel/framework/src/Illuminate/Foundation/Http/Middleware/TransformsRequest.php(21): Illuminate/Pipeline/Pipeline->{closure:{closure:Illuminate/Pipeline/Pipeline::carry():158}:159}(Object(Illuminate/Http/Request))
#40 D:/PROJECT RADIT/Toko_online-Laravel/vendor/laravel/framework/src/Illuminate/Foundation/Http/Middleware/TrimStrings.php(40): Illuminate/Foundation/Http/Middleware/TransformsRequest->handle(Object(Illuminate/Http/Request), Object(Closure))
#41 D:/PROJECT RADIT/Toko_online-Laravel/vendor/laravel/framework/src/Illuminate/Pipeline/Pipeline.php(183): Illuminate/Foundation/Http/Middleware/TrimStrings->handle(Object(Illuminate/Http/Request), Object(Closure))
#42 D:/PROJECT RADIT/Toko_online-Laravel/vendor/laravel/framework/src/Illuminate/Foundation/Http/Middleware/ValidatePostSize.php(27): Illuminate/Pipeline/Pipeline->{closure:{closure:Illuminate/Pipeline/Pipeline::carry():158}:159}(Object(Illuminate/Http/Request))
#43 D:/PROJECT RADIT/Toko_online-Laravel/vendor/laravel/framework/src/Illuminate/Pipeline/Pipeline.php(183): Illuminate/Foundation/Http/Middleware/ValidatePostSize->handle(Object(Illuminate/Http/Request), Object(Closure))
#44 D:/PROJECT RADIT/Toko_online-Laravel/vendor/laravel/framework/src/Illuminate/Foundation/Http/Middleware/PreventRequestsDuringMaintenance.php(99): Illuminate/Pipeline/Pipeline->{closure:{closure:Illuminate/Pipeline/Pipeline::carry():158}:159}(Object(Illuminate/Http/Request))
#45 D:/PROJECT RADIT/Toko_online-Laravel/vendor/laravel/framework/src/Illuminate/Pipeline/Pipeline.php(183): Illuminate/Foundation/Http/Middleware/PreventRequestsDuringMaintenance->handle(Object(Illuminate/Http/Request), Object(Closure))
#46 D:/PROJECT RADIT/Toko_online-Laravel/vendor/laravel/framework/src/Illuminate/Http/Middleware/HandleCors.php(49): Illuminate/Pipeline/Pipeline->{closure:{closure:Illuminate/Pipeline/Pipeline::carry():158}:159}(Object(Illuminate/Http/Request))
#47 D:/PROJECT RADIT/Toko_online-Laravel/vendor/laravel/framework/src/Illuminate/Pipeline/Pipeline.php(183): Illuminate/Http/Middleware/HandleCors->handle(Object(Illuminate/Http/Request), Object(Closure))
#48 D:/PROJECT RADIT/Toko_online-Laravel/vendor/laravel/framework/src/Illuminate/Http/Middleware/TrustProxies.php(39): Illuminate/Pipeline/Pipeline->{closure:{closure:Illuminate/Pipeline/Pipeline::carry():158}:159}(Object(Illuminate/Http/Request))
#49 D:/PROJECT RADIT/Toko_online-Laravel/vendor/laravel/framework/src/Illuminate/Pipeline/Pipeline.php(183): Illuminate/Http/Middleware/TrustProxies->handle(Object(Illuminate/Http/Request), Object(Closure))
#50 D:/PROJECT RADIT/Toko_online-Laravel/vendor/laravel/framework/src/Illuminate/Pipeline/Pipeline.php(119): Illuminate/Pipeline/Pipeline->{closure:{closure:Illuminate/Pipeline/Pipeline::carry():158}:159}(Object(Illuminate/Http/Request))
#51 D:/PROJECT RADIT/Toko_online-Laravel/vendor/laravel/framework/src/Illuminate/Foundation/Http/Kernel.php(175): Illuminate/Pipeline/Pipeline->then(Object(Closure))
#52 D:/PROJECT RADIT/Toko_online-Laravel/vendor/laravel/framework/src/Illuminate/Foundation/Http/Kernel.php(144): Illuminate/Foundation/Http/Kernel->sendRequestThroughRouter(Object(Illuminate/Http/Request))
#53 D:/PROJECT RADIT/Toko_online-Laravel/public/index.php(51): Illuminate/Foundation/Http/Kernel->handle(Object(Illuminate/Http/Request))
#54 D:/PROJECT RADIT/Toko_online-Laravel/vendor/laravel/framework/src/Illuminate/Foundation/resources/server.php(16): require_once('D://PROJECT RADI...')
#55 {main}

[previous exception] [object] (PDOException(code: 23000): SQLSTATE[23000]: Integrity constraint violation: 1451 Cannot delete or update a parent row: a foreign key constraint fails (`db_tokoonline`.`detail_transaksi`, CONSTRAINT `detail_transaksi_produk_id_foreign` FOREIGN KEY (`produk_id`) REFERENCES `produk` (`id`)) at D:/PROJECT RADIT/Toko_online-Laravel/vendor/laravel/framework/src/Illuminate/Database/Connection.php:612)
[stacktrace]
#0 D:/PROJECT RADIT/Toko_online-Laravel/vendor/laravel/framework/src/Illuminate/Database/Connection.php(612): PDOStatement->execute()
#1 D:/PROJECT RADIT/Toko_online-Laravel/vendor/laravel/framework/src/Illuminate/Database/Connection.php(816): Illuminate/Database/Connection->{closure:Illuminate/Database/Connection::affectingStatement():600}('delete from `pr...', Array)
#2 D:/PROJECT RADIT/Toko_online-Laravel/vendor/laravel/framework/src/Illuminate/Database/Connection.php(783): Illuminate/Database/Connection->runQueryCallback('delete from `pr...', Array, Object(Closure))
#3 D:/PROJECT RADIT/Toko_online-Laravel/vendor/laravel/framework/src/Illuminate/Database/Connection.php(600): Illuminate/Database/Connection->run('delete from `pr...', Array, Object(Closure))
#4 D:/PROJECT RADIT/Toko_online-Laravel/vendor/laravel/framework/src/Illuminate/Database/Connection.php(564): Illuminate/Database/Connection->affectingStatement('delete from `pr...', Array)
#5 D:/PROJECT RADIT/Toko_online-Laravel/vendor/laravel/framework/src/Illuminate/Database/Query/Builder.php(3796): Illuminate/Database/Connection->delete('delete from `pr...', Array)
#6 D:/PROJECT RADIT/Toko_online-Laravel/vendor/laravel/framework/src/Illuminate/Database/Eloquent/Builder.php(1273): Illuminate/Database/Query/Builder->delete()
#7 D:/PROJECT RADIT/Toko_online-Laravel/vendor/laravel/framework/src/Illuminate/Database/Eloquent/Model.php(1463): Illuminate/Database/Eloquent/Builder->delete()
#8 D:/PROJECT RADIT/Toko_online-Laravel/vendor/laravel/framework/src/Illuminate/Database/Eloquent/Model.php(1408): Illuminate/Database/Eloquent/Model->performDeleteOnModel()
#9 D:/PROJECT RADIT/Toko_online-Laravel/app/Http/Controllers/ProdukController.php(219): Illuminate/Database/Eloquent/Model->delete()
#10 D:/PROJECT RADIT/Toko_online-Laravel/vendor/laravel/framework/src/Illuminate/Routing/Controller.php(54): App/Http/Controllers/ProdukController->destroy('1')
#11 D:/PROJECT RADIT/Toko_online-Laravel/vendor/laravel/framework/src/Illuminate/Routing/ControllerDispatcher.php(43): Illuminate/Routing/Controller->callAction('destroy', Array)
#12 D:/PROJECT RADIT/Toko_online-Laravel/vendor/laravel/framework/src/Illuminate/Routing/Route.php(259): Illuminate/Routing/ControllerDispatcher->dispatch(Object(Illuminate/Routing/Route), Object(App/Http/Controllers/ProdukController), 'destroy')
#13 D:/PROJECT RADIT/Toko_online-Laravel/vendor/laravel/framework/src/Illuminate/Routing/Route.php(205): Illuminate/Routing/Route->runController()
#14 D:/PROJECT RADIT/Toko_online-Laravel/vendor/laravel/framework/src/Illuminate/Routing/Router.php(806): Illuminate/Routing/Route->run()
#15 D:/PROJECT RADIT/Toko_online-Laravel/vendor/laravel/framework/src/Illuminate/Pipeline/Pipeline.php(144): Illuminate/Routing/Router->{closure:Illuminate/Routing/Router::runRouteWithinStack():805}(Object(Illuminate/Http/Request))
#16 D:/PROJECT RADIT/Toko_online-Laravel/vendor/laravel/framework/src/Illuminate/Routing/Middleware/SubstituteBindings.php(50): Illuminate/Pipeline/Pipeline->{closure:Illuminate/Pipeline/Pipeline::prepareDestination():142}(Object(Illuminate/Http/Request))
#17 D:/PROJECT RADIT/Toko_online-Laravel/vendor/laravel/framework/src/Illuminate/Pipeline/Pipeline.php(183): Illuminate/Routing/Middleware/SubstituteBindings->handle(Object(Illuminate/Http/Request), Object(Closure))
#18 D:/PROJECT RADIT/Toko_online-Laravel/vendor/laravel/framework/src/Illuminate/Auth/Middleware/Authenticate.php(57): Illuminate/Pipeline/Pipeline->{closure:{closure:Illuminate/Pipeline/Pipeline::carry():158}:159}(Object(Illuminate/Http/Request))
#19 D:/PROJECT RADIT/Toko_online-Laravel/vendor/laravel/framework/src/Illuminate/Pipeline/Pipeline.php(183): Illuminate/Auth/Middleware/Authenticate->handle(Object(Illuminate/Http/Request), Object(Closure))
#20 D:/PROJECT RADIT/Toko_online-Laravel/vendor/laravel/framework/src/Illuminate/Foundation/Http/Middleware/VerifyCsrfToken.php(78): Illuminate/Pipeline/Pipeline->{closure:{closure:Illuminate/Pipeline/Pipeline::carry():158}:159}(Object(Illuminate/Http/Request))
#21 D:/PROJECT RADIT/Toko_online-Laravel/vendor/laravel/framework/src/Illuminate/Pipeline/Pipeline.php(183): Illuminate/Foundation/Http/Middleware/VerifyCsrfToken->handle(Object(Illuminate/Http/Request), Object(Closure))
#22 D:/PROJECT RADIT/Toko_online-Laravel/vendor/laravel/framework/src/Illuminate/View/Middleware/ShareErrorsFromSession.php(49): Illuminate/Pipeline/Pipeline->{closure:{closure:Illuminate/Pipeline/Pipeline::carry():158}:159}(Object(Illuminate/Http/Request))
#23 D:/PROJECT RADIT/Toko_online-Laravel/vendor/laravel/framework/src/Illuminate/Pipeline/Pipeline.php(183): Illuminate/View/Middleware/ShareErrorsFromSession->handle(Object(Illuminate/Http/Request), Object(Closure))
#24 D:/PROJECT RADIT/Toko_online-Laravel/vendor/laravel/framework/src/Illuminate/Session/Middleware/StartSession.php(121): Illuminate/Pipeline/Pipeline->{closure:{closure:Illuminate/Pipeline/Pipeline::carry():158}:159}(Object(Illuminate/Http/Request))
#25 D:/PROJECT RADIT/Toko_online-Laravel/vendor/laravel/framework/src/Illuminate/Session/Middleware/StartSession.php(64): Illuminate/Session/Middleware/StartSession->handleStatefulRequest(Object(Illuminate/Http/Request), Object(Illuminate/Session/Store), Object(Closure))
#26 D:/PROJECT RADIT/Toko_online-Laravel/vendor/laravel/framework/src/Illuminate/Pipeline/Pipeline.php(183): Illuminate/Session/Middleware/StartSession->handle(Object(Illuminate/Http/Request), Object(Closure))
#27 D:/PROJECT RADIT/Toko_online-Laravel/vendor/laravel/framework/src/Illuminate/Cookie/Middleware/AddQueuedCookiesToResponse.php(37): Illuminate/Pipeline/Pipeline->{closure:{closure:Illuminate/Pipeline/Pipeline::carry():158}:159}(Object(Illuminate/Http/Request))
#28 D:/PROJECT RADIT/Toko_online-Laravel/vendor/laravel/framework/src/Illuminate/Pipeline/Pipeline.php(183): Illuminate/Cookie/Middleware/AddQueuedCookiesToResponse->handle(Object(Illuminate/Http/Request), Object(Closure))
#29 D:/PROJECT RADIT/Toko_online-Laravel/vendor/laravel/framework/src/Illuminate/Cookie/Middleware/EncryptCookies.php(67): Illuminate/Pipeline/Pipeline->{closure:{closure:Illuminate/Pipeline/Pipeline::carry():158}:159}(Object(Illuminate/Http/Request))
#30 D:/PROJECT RADIT/Toko_online-Laravel/vendor/laravel/framework/src/Illuminate/Pipeline/Pipeline.php(183): Illuminate/Cookie/Middleware/EncryptCookies->handle(Object(Illuminate/Http/Request), Object(Closure))
#31 D:/PROJECT RADIT/Toko_online-Laravel/vendor/laravel/framework/src/Illuminate/Pipeline/Pipeline.php(119): Illuminate/Pipeline/Pipeline->{closure:{closure:Illuminate/Pipeline/Pipeline::carry():158}:159}(Object(Illuminate/Http/Request))
#32 D:/PROJECT RADIT/Toko_online-Laravel/vendor/laravel/framework/src/Illuminate/Routing/Router.php(805): Illuminate/Pipeline/Pipeline->then(Object(Closure))
#33 D:/PROJECT RADIT/Toko_online-Laravel/vendor/laravel/framework/src/Illuminate/Routing/Router.php(784): Illuminate/Routing/Router->runRouteWithinStack(Object(Illuminate/Routing/Route), Object(Illuminate/Http/Request))
#34 D:/PROJECT RADIT/Toko_online-Laravel/vendor/laravel/framework/src/Illuminate/Routing/Router.php(748): Illuminate/Routing/Router->runRoute(Object(Illuminate/Http/Request), Object(Illuminate/Routing/Route))
#35 D:/PROJECT RADIT/Toko_online-Laravel/vendor/laravel/framework/src/Illuminate/Routing/Router.php(737): Illuminate/Routing/Router->dispatchToRoute(Object(Illuminate/Http/Request))
#36 D:/PROJECT RADIT/Toko_online-Laravel/vendor/laravel/framework/src/Illuminate/Foundation/Http/Kernel.php(200): Illuminate/Routing/Router->dispatch(Object(Illuminate/Http/Request))
#37 D:/PROJECT RADIT/Toko_online-Laravel/vendor/laravel/framework/src/Illuminate/Pipeline/Pipeline.php(144): Illuminate/Foundation/Http/Kernel->{closure:Illuminate/Foundation/Http/Kernel::dispatchToRouter():197}(Object(Illuminate/Http/Request))
#38 D:/PROJECT RADIT/Toko_online-Laravel/vendor/laravel/framework/src/Illuminate/Foundation/Http/Middleware/TransformsRequest.php(21): Illuminate/Pipeline/Pipeline->{closure:Illuminate/Pipeline/Pipeline::prepareDestination():142}(Object(Illuminate/Http/Request))
#39 D:/PROJECT RADIT/Toko_online-Laravel/vendor/laravel/framework/src/Illuminate/Foundation/Http/Middleware/ConvertEmptyStringsToNull.php(31): Illuminate/Foundation/Http/Middleware/TransformsRequest->handle(Object(Illuminate/Http/Request), Object(Closure))
#40 D:/PROJECT RADIT/Toko_online-Laravel/vendor/laravel/framework/src/Illuminate/Pipeline/Pipeline.php(183): Illuminate/Foundation/Http/Middleware/ConvertEmptyStringsToNull->handle(Object(Illuminate/Http/Request), Object(Closure))
#41 D:/PROJECT RADIT/Toko_online-Laravel/vendor/laravel/framework/src/Illuminate/Foundation/Http/Middleware/TransformsRequest.php(21): Illuminate/Pipeline/Pipeline->{closure:{closure:Illuminate/Pipeline/Pipeline::carry():158}:159}(Object(Illuminate/Http/Request))
#42 D:/PROJECT RADIT/Toko_online-Laravel/vendor/laravel/framework/src/Illuminate/Foundation/Http/Middleware/TrimStrings.php(40): Illuminate/Foundation/Http/Middleware/TransformsRequest->handle(Object(Illuminate/Http/Request), Object(Closure))
#43 D:/PROJECT RADIT/Toko_online-Laravel/vendor/laravel/framework/src/Illuminate/Pipeline/Pipeline.php(183): Illuminate/Foundation/Http/Middleware/TrimStrings->handle(Object(Illuminate/Http/Request), Object(Closure))
#44 D:/PROJECT RADIT/Toko_online-Laravel/vendor/laravel/framework/src/Illuminate/Foundation/Http/Middleware/ValidatePostSize.php(27): Illuminate/Pipeline/Pipeline->{closure:{closure:Illuminate/Pipeline/Pipeline::carry():158}:159}(Object(Illuminate/Http/Request))
#45 D:/PROJECT RADIT/Toko_online-Laravel/vendor/laravel/framework/src/Illuminate/Pipeline/Pipeline.php(183): Illuminate/Foundation/Http/Middleware/ValidatePostSize->handle(Object(Illuminate/Http/Request), Object(Closure))
#46 D:/PROJECT RADIT/Toko_online-Laravel/vendor/laravel/framework/src/Illuminate/Foundation/Http/Middleware/PreventRequestsDuringMaintenance.php(99): Illuminate/Pipeline/Pipeline->{closure:{closure:Illuminate/Pipeline/Pipeline::carry():158}:159}(Object(Illuminate/Http/Request))
#47 D:/PROJECT RADIT/Toko_online-Laravel/vendor/laravel/framework/src/Illuminate/Pipeline/Pipeline.php(183): Illuminate/Foundation/Http/Middleware/PreventRequestsDuringMaintenance->handle(Object(Illuminate/Http/Request), Object(Closure))
#48 D:/PROJECT RADIT/Toko_online-Laravel/vendor/laravel/framework/src/Illuminate/Http/Middleware/HandleCors.php(49): Illuminate/Pipeline/Pipeline->{closure:{closure:Illuminate/Pipeline/Pipeline::carry():158}:159}(Object(Illuminate/Http/Request))
#49 D:/PROJECT RADIT/Toko_online-Laravel/vendor/laravel/framework/src/Illuminate/Pipeline/Pipeline.php(183): Illuminate/Http/Middleware/HandleCors->handle(Object(Illuminate/Http/Request), Object(Closure))
#50 D:/PROJECT RADIT/Toko_online-Laravel/vendor/laravel/framework/src/Illuminate/Http/Middleware/TrustProxies.php(39): Illuminate/Pipeline/Pipeline->{closure:{closure:Illuminate/Pipeline/Pipeline::carry():158}:159}(Object(Illuminate/Http/Request))
#51 D:/PROJECT RADIT/Toko_online-Laravel/vendor/laravel/framework/src/Illuminate/Pipeline/Pipeline.php(183): Illuminate/Http/Middleware/TrustProxies->handle(Object(Illuminate/Http/Request), Object(Closure))
#52 D:/PROJECT RADIT/Toko_online-Laravel/vendor/laravel/framework/src/Illuminate/Pipeline/Pipeline.php(119): Illuminate/Pipeline/Pipeline->{closure:{closure:Illuminate/Pipeline/Pipeline::carry():158}:159}(Object(Illuminate/Http/Request))
#53 D:/PROJECT RADIT/Toko_online-Laravel/vendor/laravel/framework/src/Illuminate/Foundation/Http/Kernel.php(175): Illuminate/Pipeline/Pipeline->then(Object(Closure))
#54 D:/PROJECT RADIT/Toko_online-Laravel/vendor/laravel/framework/src/Illuminate/Foundation/Http/Kernel.php(144): Illuminate/Foundation/Http/Kernel->sendRequestThroughRouter(Object(Illuminate/Http/Request))
#55 D:/PROJECT RADIT/Toko_online-Laravel/public/index.php(51): Illuminate/Foundation/Http/Kernel->handle(Object(Illuminate/Http/Request))
#56 D:/PROJECT RADIT/Toko_online-Laravel/vendor/laravel/framework/src/Illuminate/Foundation/resources/server.php(16): require_once('D://PROJECT RADI...')
#57 {main}
"} 
